INSERT INTO public.members (id, first_name, last_name, dob, plan, created_at, updated_at) VALUES ('02b2b8af-f92f-4227-8683-9bd21a5feb74', 'Robert', 'Martinez', '1948-01-15', 'POS', '2025-10-01 15:31:10.917714+00', '2025-10-01 15:31:10.917714+00');
INSERT INTO public.members (id, first_name, last_name, dob, plan, created_at, updated_at) VALUES ('a9235834-0656-41bb-9538-da2b935255a0', 'Daniel', 'Lopez', '1979-12-25', 'EPO', '2025-10-01 15:31:10.919458+00', '2025-10-01 15:31:10.919458+00');
INSERT INTO public.members (id, first_name, last_name, dob, plan, created_at, updated_at) VALUES ('40e0a1f5-daf7-49ed-91a2-26824f6e4637', 'James', 'Jackson', '1958-03-28', 'PPO', '2025-10-01 15:31:10.920166+00', '2025-10-01 15:31:10.920166+00');
INSERT INTO public.members (id, first_name, last_name, dob, plan, created_at, updated_at) VALUES ('bd486fe0-ec91-4d56-9598-b232d4f9a14a', 'John', 'Hernandez', '1951-11-30', 'POS', '2025-10-01 15:31:10.920877+00', '2025-10-01 15:31:10.920877+00');
INSERT INTO public.members (id, first_name, last_name, dob, plan, created_at, updated_at) VALUES ('7229ae55-0684-4b65-be1f-9421487e1efa', 'Patricia', 'Jackson', '2001-04-10', 'HMO', '2025-10-01 15:31:10.921701+00', '2025-10-01 15:31:10.921701+00');
INSERT INTO public.members (id, first_name, last_name, dob, plan, created_at, updated_at) VALUES ('e9b113fb-d00d-420a-9ff0-1eb352fba1c9', 'Lisa', 'Hernandez', '1975-10-23', 'EPO', '2025-10-01 15:31:10.922654+00', '2025-10-01 15:31:10.922654+00');
INSERT INTO public.members (id, first_name, last_name, dob, plan, created_at, updated_at) VALUES ('5dd2f763-fcd4-458e-a454-2352d36c5267', 'James', 'Smith', '1969-11-15', 'PPO', '2025-10-01 15:31:10.923612+00', '2025-10-01 15:31:10.923612+00');
INSERT INTO public.members (id, first_name, last_name, dob, plan, created_at, updated_at) VALUES ('52afc87a-1aa1-42f9-bb21-ee73723b8cdc', 'Linda', 'Lopez', '1965-09-14', 'HMO', '2025-10-01 15:31:10.924615+00', '2025-10-01 15:31:10.924615+00');
INSERT INTO public.members (id, first_name, last_name, dob, plan, created_at, updated_at) VALUES ('ca2cfb23-68c4-439a-84b0-2b49f33f653e', 'John', 'Jones', '1987-05-12', 'POS', '2025-10-01 15:31:10.925497+00', '2025-10-01 15:31:10.925497+00');
INSERT INTO public.members (id, first_name, last_name, dob, plan, created_at, updated_at) VALUES ('0c1a27ea-df5a-4cdc-be11-bfd91f6c5ecf', 'James', 'Davis', '1986-02-19', 'HMO', '2025-10-01 15:31:10.926492+00', '2025-10-01 15:31:10.926492+00');
INSERT INTO public.members (id, first_name, last_name, dob, plan, created_at, updated_at) VALUES ('d8dad667-a079-4cfe-97fc-281c1f33b389', 'Jane', 'Hernandez', '1957-09-25', 'HDHP', '2025-10-01 15:31:10.927281+00', '2025-10-01 15:31:10.927281+00');
INSERT INTO public.members (id, first_name, last_name, dob, plan, created_at, updated_at) VALUES ('a90f3661-4fa7-44bb-b132-491b24a1859d', 'Elizabeth', 'Miller', '1943-02-21', 'HDHP', '2025-10-01 15:31:10.92789+00', '2025-10-01 15:31:10.92789+00');
INSERT INTO public.members (id, first_name, last_name, dob, plan, created_at, updated_at) VALUES ('a0065051-4951-4dfb-81b4-9a4d5ff9e193', 'Emily', 'Gonzalez', '1993-03-17', 'POS', '2025-10-01 15:31:10.928434+00', '2025-10-01 15:31:10.928434+00');
INSERT INTO public.members (id, first_name, last_name, dob, plan, created_at, updated_at) VALUES ('5abee5db-965b-43ea-8211-4f3f1906d29a', 'Daniel', 'Jackson', '1996-05-07', 'HMO', '2025-10-01 15:31:10.929021+00', '2025-10-01 15:31:10.929021+00');
INSERT INTO public.members (id, first_name, last_name, dob, plan, created_at, updated_at) VALUES ('f000df1c-9ac9-4656-8710-18fc54195f1d', 'David', 'Smith', '1967-10-29', 'POS', '2025-10-01 15:31:10.929844+00', '2025-10-01 15:31:10.929844+00');
INSERT INTO public.members (id, first_name, last_name, dob, plan, created_at, updated_at) VALUES ('cb590fb3-0b53-4a91-a175-691b113455af', 'James', 'Gonzalez', '1990-11-28', 'HDHP', '2025-10-01 15:31:10.930508+00', '2025-10-01 15:31:10.930508+00');
INSERT INTO public.members (id, first_name, last_name, dob, plan, created_at, updated_at) VALUES ('0b7ee958-06d2-43ae-be9b-6efda21efa99', 'Thomas', 'Jones', '1966-04-14', 'POS', '2025-10-01 15:31:10.931121+00', '2025-10-01 15:31:10.931121+00');
INSERT INTO public.members (id, first_name, last_name, dob, plan, created_at, updated_at) VALUES ('4a609c4b-7a7e-4336-907d-27fef8420ab6', 'Michael', 'Martin', '1969-02-14', 'HDHP', '2025-10-01 15:31:10.931828+00', '2025-10-01 15:31:10.931828+00');
INSERT INTO public.members (id, first_name, last_name, dob, plan, created_at, updated_at) VALUES ('45b2d39a-58c1-4098-a145-7f9a894773c3', 'Daniel', 'Gonzalez', '1997-04-30', 'PPO', '2025-10-01 15:31:10.932618+00', '2025-10-01 15:31:10.932618+00');
INSERT INTO public.members (id, first_name, last_name, dob, plan, created_at, updated_at) VALUES ('c5f2e577-bbab-4fdc-b5b9-85af264fd973', 'James', 'Hernandez', '1958-07-24', 'EPO', '2025-10-01 15:31:10.933583+00', '2025-10-01 15:31:10.933583+00');
INSERT INTO public.members (id, first_name, last_name, dob, plan, created_at, updated_at) VALUES ('0f45a940-0135-4c59-a930-6b15f5d6c9fa', 'David', 'Williams', '2001-04-25', 'EPO', '2025-10-01 15:31:10.934451+00', '2025-10-01 15:31:10.934451+00');
INSERT INTO public.members (id, first_name, last_name, dob, plan, created_at, updated_at) VALUES ('aba431b2-a592-4b47-a0d5-a831086340fe', 'Jennifer', 'Martin', '1992-05-07', 'PPO', '2025-10-01 15:31:10.935083+00', '2025-10-01 15:31:10.935083+00');
INSERT INTO public.members (id, first_name, last_name, dob, plan, created_at, updated_at) VALUES ('d827051d-2d5a-4704-ac6e-4bea73ba839f', 'Jennifer', 'Davis', '1947-03-04', 'EPO', '2025-10-01 15:31:10.935675+00', '2025-10-01 15:31:10.935675+00');
INSERT INTO public.members (id, first_name, last_name, dob, plan, created_at, updated_at) VALUES ('c70ed030-91f9-4c5d-ade5-0d61fdb34018', 'Barbara', 'Garcia', '1995-06-20', 'PPO', '2025-10-01 15:31:10.936145+00', '2025-10-01 15:31:10.936145+00');
INSERT INTO public.members (id, first_name, last_name, dob, plan, created_at, updated_at) VALUES ('0108525f-789e-439e-b332-307b2e3df088', 'Lisa', 'Anderson', '1940-07-02', 'HDHP', '2025-10-01 15:31:10.936615+00', '2025-10-01 15:31:10.936615+00');
INSERT INTO public.members (id, first_name, last_name, dob, plan, created_at, updated_at) VALUES ('10796c3a-837b-4f4a-9010-98372ac7e9cf', 'Lisa', 'Hernandez', '1998-12-30', 'HDHP', '2025-10-01 15:31:10.937143+00', '2025-10-01 15:31:10.937143+00');
INSERT INTO public.members (id, first_name, last_name, dob, plan, created_at, updated_at) VALUES ('4171eac6-fd57-4ff5-beab-7b7ebeacb8a7', 'Lisa', 'Jones', '1979-08-27', 'POS', '2025-10-01 15:31:10.937762+00', '2025-10-01 15:31:10.937762+00');
INSERT INTO public.members (id, first_name, last_name, dob, plan, created_at, updated_at) VALUES ('f3146c85-53e1-4325-8be5-1add4f2cedf7', 'Linda', 'Brown', '1992-08-17', 'PPO', '2025-10-01 15:31:10.938235+00', '2025-10-01 15:31:10.938235+00');
INSERT INTO public.members (id, first_name, last_name, dob, plan, created_at, updated_at) VALUES ('38053e73-4d67-4ab7-a2aa-02181f87f7ba', 'Lisa', 'Martin', '1993-10-23', 'PPO', '2025-10-01 15:31:10.938778+00', '2025-10-01 15:31:10.938778+00');
INSERT INTO public.members (id, first_name, last_name, dob, plan, created_at, updated_at) VALUES ('90ffd586-501c-4ccc-ac86-9bff90ccb0aa', 'Richard', 'Johnson', '2002-11-03', 'HDHP', '2025-10-01 15:31:10.939228+00', '2025-10-01 15:31:10.939228+00');
INSERT INTO public.members (id, first_name, last_name, dob, plan, created_at, updated_at) VALUES ('124811b6-e838-40cb-a544-c82f27eee311', 'Thomas', 'Williams', '2003-07-24', 'EPO', '2025-10-01 15:31:10.939631+00', '2025-10-01 15:31:10.939631+00');
INSERT INTO public.members (id, first_name, last_name, dob, plan, created_at, updated_at) VALUES ('7d26abf9-cdbe-400e-875d-edc5108815c7', 'Emily', 'Moore', '1992-12-01', 'POS', '2025-10-01 15:31:10.940033+00', '2025-10-01 15:31:10.940033+00');
INSERT INTO public.members (id, first_name, last_name, dob, plan, created_at, updated_at) VALUES ('a09829b1-cad6-405b-b321-57bd2ebb8210', 'Daniel', 'Davis', '1949-07-03', 'HMO', '2025-10-01 15:31:10.940707+00', '2025-10-01 15:31:10.940707+00');
INSERT INTO public.members (id, first_name, last_name, dob, plan, created_at, updated_at) VALUES ('96ccbe68-a57f-4972-9039-80a976daade6', 'James', 'Wilson', '1989-12-11', 'HDHP', '2025-10-01 15:31:10.94116+00', '2025-10-01 15:31:10.94116+00');
INSERT INTO public.members (id, first_name, last_name, dob, plan, created_at, updated_at) VALUES ('11aad275-8df3-4370-b728-26c7f42b4d7e', 'Linda', 'Hernandez', '1967-01-26', 'HMO', '2025-10-01 15:31:10.941761+00', '2025-10-01 15:31:10.941761+00');
INSERT INTO public.members (id, first_name, last_name, dob, plan, created_at, updated_at) VALUES ('bf6a2a56-c1a0-42cd-85df-5c6254fc98b2', 'Linda', 'Davis', '1961-10-10', 'PPO', '2025-10-01 15:31:10.942378+00', '2025-10-01 15:31:10.942378+00');
INSERT INTO public.members (id, first_name, last_name, dob, plan, created_at, updated_at) VALUES ('95c676ed-18dd-4cc7-9bb3-872fd2196e86', 'John', 'Lopez', '1940-06-26', 'HDHP', '2025-10-01 15:31:10.94299+00', '2025-10-01 15:31:10.94299+00');
INSERT INTO public.members (id, first_name, last_name, dob, plan, created_at, updated_at) VALUES ('753ff13b-1426-4879-8532-47efff75fdd0', 'Michael', 'Anderson', '1960-03-24', 'HDHP', '2025-10-01 15:31:10.943579+00', '2025-10-01 15:31:10.943579+00');
INSERT INTO public.members (id, first_name, last_name, dob, plan, created_at, updated_at) VALUES ('f5b362d9-eacf-404c-92c6-e23fee5a0f20', 'Richard', 'Garcia', '1947-03-04', 'HDHP', '2025-10-01 15:31:10.944035+00', '2025-10-01 15:31:10.944035+00');
INSERT INTO public.members (id, first_name, last_name, dob, plan, created_at, updated_at) VALUES ('70c84315-9f1b-45e0-aff3-a2eeb2c53687', 'Lisa', 'Rodriguez', '1940-12-22', 'HMO', '2025-10-01 15:31:10.94448+00', '2025-10-01 15:31:10.94448+00');
INSERT INTO public.members (id, first_name, last_name, dob, plan, created_at, updated_at) VALUES ('22cc1173-bdad-45a2-a5fe-56d1130e802b', 'Jennifer', 'Rodriguez', '1954-09-02', 'PPO', '2025-10-01 15:31:10.945004+00', '2025-10-01 15:31:10.945004+00');
INSERT INTO public.members (id, first_name, last_name, dob, plan, created_at, updated_at) VALUES ('3dfe2eb6-9a9e-4789-9e01-54d42b9f33c4', 'Lisa', 'Martinez', '1950-05-11', 'POS', '2025-10-01 15:31:10.945503+00', '2025-10-01 15:31:10.945503+00');
INSERT INTO public.members (id, first_name, last_name, dob, plan, created_at, updated_at) VALUES ('91b0bb4c-bee9-42e4-b2ca-ad0b9c70210f', 'Emily', 'Lopez', '1993-01-05', 'EPO', '2025-10-01 15:31:10.94601+00', '2025-10-01 15:31:10.94601+00');
INSERT INTO public.members (id, first_name, last_name, dob, plan, created_at, updated_at) VALUES ('32fbc6f5-0038-47da-9401-90fc2690a5bd', 'Patricia', 'Williams', '1963-02-11', 'PPO', '2025-10-01 15:31:10.946491+00', '2025-10-01 15:31:10.946491+00');
INSERT INTO public.members (id, first_name, last_name, dob, plan, created_at, updated_at) VALUES ('644a8c5c-1f96-4c94-a25d-0a18abf07423', 'Richard', 'Garcia', '1949-05-08', 'EPO', '2025-10-01 15:31:10.946928+00', '2025-10-01 15:31:10.946928+00');
INSERT INTO public.members (id, first_name, last_name, dob, plan, created_at, updated_at) VALUES ('19bd8ccf-e984-49e1-a41b-d56f1bd0b899', 'Emily', 'Miller', '2003-03-26', 'EPO', '2025-10-01 15:31:10.947381+00', '2025-10-01 15:31:10.947381+00');
INSERT INTO public.members (id, first_name, last_name, dob, plan, created_at, updated_at) VALUES ('57ceda94-da2d-4aae-b2e3-1e801f331132', 'Emily', 'Jones', '1971-10-25', 'EPO', '2025-10-01 15:31:10.947813+00', '2025-10-01 15:31:10.947813+00');
INSERT INTO public.members (id, first_name, last_name, dob, plan, created_at, updated_at) VALUES ('2ba26e85-d067-4869-8b94-6a5a336d458e', 'Barbara', 'Martin', '1989-04-11', 'HMO', '2025-10-01 15:31:10.948206+00', '2025-10-01 15:31:10.948206+00');
INSERT INTO public.members (id, first_name, last_name, dob, plan, created_at, updated_at) VALUES ('3280c715-b9f0-425b-b7e2-ece358f9062f', 'David', 'Brown', '1971-11-20', 'POS', '2025-10-01 15:31:10.948569+00', '2025-10-01 15:31:10.948569+00');
INSERT INTO public.members (id, first_name, last_name, dob, plan, created_at, updated_at) VALUES ('0b057d39-0b9d-4265-a92c-d9fd8f22a7a6', 'Michael', 'Lopez', '1955-10-30', 'EPO', '2025-10-01 15:31:10.948948+00', '2025-10-01 15:31:10.948948+00');
INSERT INTO public.provider_records (id, npi, name, specialty, created_at, updated_at) VALUES ('734f62da-879d-45bb-b07b-8163182ef917', '1306324941', 'Dr. Smith Dermatology Clinic', 'Dermatology', '2025-10-01 15:31:10.949613+00', '2025-10-01 15:31:10.949613+00');
INSERT INTO public.provider_records (id, npi, name, specialty, created_at, updated_at) VALUES ('d7b5cb80-7963-44a7-8c6b-198f645064c6', '1613389280', 'Dr. Hernandez Cardiology Clinic', 'Cardiology', '2025-10-01 15:31:10.950755+00', '2025-10-01 15:31:10.950755+00');
INSERT INTO public.provider_records (id, npi, name, specialty, created_at, updated_at) VALUES ('ac764fcf-e284-4526-8ecc-42b0d975e87a', '1533435959', 'Dr. Wilson Primary Care Clinic', 'Primary Care', '2025-10-01 15:31:10.951217+00', '2025-10-01 15:31:10.951217+00');
INSERT INTO public.provider_records (id, npi, name, specialty, created_at, updated_at) VALUES ('f6b00fb6-fb35-4052-a995-86c16bbd76fe', '1428806682', 'Dr. Moore Psychiatry Clinic', 'Psychiatry', '2025-10-01 15:31:10.951652+00', '2025-10-01 15:31:10.951652+00');
INSERT INTO public.provider_records (id, npi, name, specialty, created_at, updated_at) VALUES ('f08464a1-bdd3-48d8-aa33-e07ffa11456f', '1596548850', 'Dr. Smith Oncology Clinic', 'Oncology', '2025-10-01 15:31:10.952039+00', '2025-10-01 15:31:10.952039+00');
INSERT INTO public.provider_records (id, npi, name, specialty, created_at, updated_at) VALUES ('165653f5-95eb-4507-893f-2c494383a5f8', '1146126281', 'Dr. Gonzalez Psychiatry Clinic', 'Psychiatry', '2025-10-01 15:31:10.952401+00', '2025-10-01 15:31:10.952401+00');
INSERT INTO public.provider_records (id, npi, name, specialty, created_at, updated_at) VALUES ('5c446abb-dfc2-4aaa-ac07-18e1a693b738', '1818921992', 'Dr. Davis Cardiology Clinic', 'Cardiology', '2025-10-01 15:31:10.952716+00', '2025-10-01 15:31:10.952716+00');
INSERT INTO public.provider_records (id, npi, name, specialty, created_at, updated_at) VALUES ('de2395d6-74ed-4e7a-a125-1a8aa90a54ab', '1444686863', 'Dr. Johnson Psychiatry Clinic', 'Psychiatry', '2025-10-01 15:31:10.953113+00', '2025-10-01 15:31:10.953113+00');
INSERT INTO public.provider_records (id, npi, name, specialty, created_at, updated_at) VALUES ('4d7aba35-9f89-4365-bdd9-7f56df6c1998', '1599137515', 'Dr. Lopez Surgery Clinic', 'Surgery', '2025-10-01 15:31:10.953487+00', '2025-10-01 15:31:10.953487+00');
INSERT INTO public.provider_records (id, npi, name, specialty, created_at, updated_at) VALUES ('aa10d0a3-44fd-4535-8e64-7716cf8eed20', '1021816882', 'Dr. Hernandez Radiology Clinic', 'Radiology', '2025-10-01 15:31:10.953852+00', '2025-10-01 15:31:10.953852+00');
INSERT INTO public.provider_records (id, npi, name, specialty, created_at, updated_at) VALUES ('ee960b6f-e0f9-4725-b09b-457efea6f083', '1114774824', 'Dr. Brown Cardiology Clinic', 'Cardiology', '2025-10-01 15:31:10.954327+00', '2025-10-01 15:31:10.954327+00');
INSERT INTO public.provider_records (id, npi, name, specialty, created_at, updated_at) VALUES ('37afd814-f12f-4447-a2c5-21de24e28a8f', '1167777913', 'Dr. Taylor Surgery Clinic', 'Surgery', '2025-10-01 15:31:10.954804+00', '2025-10-01 15:31:10.954804+00');
INSERT INTO public.provider_records (id, npi, name, specialty, created_at, updated_at) VALUES ('a9523339-8c6a-432b-bac2-78a9196aed5e', '1368795637', 'Dr. Johnson Orthopedics Clinic', 'Orthopedics', '2025-10-01 15:31:10.955225+00', '2025-10-01 15:31:10.955225+00');
INSERT INTO public.provider_records (id, npi, name, specialty, created_at, updated_at) VALUES ('9356b732-7cd7-49bc-9f66-de886692a0a3', '1724676046', 'Dr. Gonzalez Emergency Medicine Clinic', 'Emergency Medicine', '2025-10-01 15:31:10.955799+00', '2025-10-01 15:31:10.955799+00');
INSERT INTO public.provider_records (id, npi, name, specialty, created_at, updated_at) VALUES ('6bff8fac-72c5-4002-840c-87757dc35c95', '1015581552', 'Dr. Thomas Orthopedics Clinic', 'Orthopedics', '2025-10-01 15:31:10.956409+00', '2025-10-01 15:31:10.956409+00');
INSERT INTO public.provider_records (id, npi, name, specialty, created_at, updated_at) VALUES ('c3373673-4ac9-4c93-a37a-58ecf38ddd4f', '1183909285', 'Dr. Taylor Primary Care Clinic', 'Primary Care', '2025-10-01 15:31:10.956832+00', '2025-10-01 15:31:10.956832+00');
INSERT INTO public.provider_records (id, npi, name, specialty, created_at, updated_at) VALUES ('3eaf2ed1-9409-4bb6-b9dc-3e957e6626ef', '1625848192', 'Dr. Moore Emergency Medicine Clinic', 'Emergency Medicine', '2025-10-01 15:31:10.957265+00', '2025-10-01 15:31:10.957265+00');
INSERT INTO public.provider_records (id, npi, name, specialty, created_at, updated_at) VALUES ('412d25ee-e34c-4a46-96f4-90cbb10bb6c1', '1011906975', 'Dr. Miller Psychiatry Clinic', 'Psychiatry', '2025-10-01 15:31:10.95778+00', '2025-10-01 15:31:10.95778+00');
INSERT INTO public.provider_records (id, npi, name, specialty, created_at, updated_at) VALUES ('2e8b0b32-38a9-4e3d-9900-3418e82fd1ed', '1262857105', 'Dr. Williams Surgery Clinic', 'Surgery', '2025-10-01 15:31:10.958714+00', '2025-10-01 15:31:10.958714+00');
INSERT INTO public.provider_records (id, npi, name, specialty, created_at, updated_at) VALUES ('65475782-cc34-442a-b861-136b9cff290a', '1841354881', 'Dr. Rodriguez Oncology Clinic', 'Oncology', '2025-10-01 15:31:10.959354+00', '2025-10-01 15:31:10.959354+00');
INSERT INTO public.claims (id, member_id, provider_id, dos, cpt, charge_cents, allowed_cents, status, denial_reason, created_at, updated_at) VALUES ('8640fb2d-6036-4d9a-8005-0b7b879398e7', '124811b6-e838-40cb-a544-c82f27eee311', '165653f5-95eb-4507-893f-2c494383a5f8', '2025-05-18', '70450', 129391, 0, 'DENIED', 'Not medically necessary', '2025-10-01 15:31:10.959849+00', '2025-10-01 15:31:10.959849+00');
INSERT INTO public.claims (id, member_id, provider_id, dos, cpt, charge_cents, allowed_cents, status, denial_reason, created_at, updated_at) VALUES ('4fc8b2a7-549f-4284-9cb4-f80b232cf390', '3dfe2eb6-9a9e-4789-9e01-54d42b9f33c4', '2e8b0b32-38a9-4e3d-9900-3418e82fd1ed', '2024-07-04', '80053', 6977, 5079, 'PAID', NULL, '2025-10-01 15:31:10.961497+00', '2025-10-01 15:31:10.961497+00');
INSERT INTO public.claims (id, member_id, provider_id, dos, cpt, charge_cents, allowed_cents, status, denial_reason, created_at, updated_at) VALUES ('a9e19e18-0f79-4d20-baf1-fc364750768e', '32fbc6f5-0038-47da-9401-90fc2690a5bd', 'de2395d6-74ed-4e7a-a125-1a8aa90a54ab', '2025-03-11', '93000', 12338, 12338, 'PENDING', NULL, '2025-10-01 15:31:10.962175+00', '2025-10-01 15:31:10.962175+00');
INSERT INTO public.claims (id, member_id, provider_id, dos, cpt, charge_cents, allowed_cents, status, denial_reason, created_at, updated_at) VALUES ('79fdc72c-6501-4922-a29a-28c9b332bfc1', '45b2d39a-58c1-4098-a145-7f9a894773c3', '4d7aba35-9f89-4365-bdd9-7f56df6c1998', '2025-01-11', '99285', 76822, 55596, 'PAID', NULL, '2025-10-01 15:31:10.962956+00', '2025-10-01 15:31:10.962956+00');
INSERT INTO public.claims (id, member_id, provider_id, dos, cpt, charge_cents, allowed_cents, status, denial_reason, created_at, updated_at) VALUES ('f02417c0-0856-4833-924a-d35ceb6f6564', '7d26abf9-cdbe-400e-875d-edc5108815c7', '37afd814-f12f-4447-a2c5-21de24e28a8f', '2025-02-12', '93000', 11993, 0, 'DENIED', 'Service not covered under plan', '2025-10-01 15:31:10.963719+00', '2025-10-01 15:31:10.963719+00');
INSERT INTO public.claims (id, member_id, provider_id, dos, cpt, charge_cents, allowed_cents, status, denial_reason, created_at, updated_at) VALUES ('c698ee99-2ff7-4015-adac-b4d3d31cd54e', '7229ae55-0684-4b65-be1f-9421487e1efa', '5c446abb-dfc2-4aaa-ac07-18e1a693b738', '2024-12-08', '99285', 78415, 58381, 'PAID', NULL, '2025-10-01 15:31:10.964307+00', '2025-10-01 15:31:10.964307+00');
INSERT INTO public.claims (id, member_id, provider_id, dos, cpt, charge_cents, allowed_cents, status, denial_reason, created_at, updated_at) VALUES ('cfb024db-ed73-4fd7-b01b-2ba11be1feb1', 'e9b113fb-d00d-420a-9ff0-1eb352fba1c9', '9356b732-7cd7-49bc-9f66-de886692a0a3', '2025-07-10', '99213', 19467, 14741, 'PAID', NULL, '2025-10-01 15:31:10.965245+00', '2025-10-01 15:31:10.965245+00');
INSERT INTO public.claims (id, member_id, provider_id, dos, cpt, charge_cents, allowed_cents, status, denial_reason, created_at, updated_at) VALUES ('3662dc83-d2c6-413b-bc4f-668770e6c527', '0b057d39-0b9d-4265-a92c-d9fd8f22a7a6', '65475782-cc34-442a-b861-136b9cff290a', '2024-10-05', '99214', 24035, 17478, 'PAID', NULL, '2025-10-01 15:31:10.965888+00', '2025-10-01 15:31:10.965888+00');
INSERT INTO public.claims (id, member_id, provider_id, dos, cpt, charge_cents, allowed_cents, status, denial_reason, created_at, updated_at) VALUES ('5e4d99fb-9742-4009-a675-071ffe0111a2', '0b057d39-0b9d-4265-a92c-d9fd8f22a7a6', 'aa10d0a3-44fd-4535-8e64-7716cf8eed20', '2024-09-21', '99285', 76498, 62274, 'PAID', NULL, '2025-10-01 15:31:10.966693+00', '2025-10-01 15:31:10.966693+00');
INSERT INTO public.claims (id, member_id, provider_id, dos, cpt, charge_cents, allowed_cents, status, denial_reason, created_at, updated_at) VALUES ('aa170739-7673-4393-9953-a375c423aa88', '3280c715-b9f0-425b-b7e2-ece358f9062f', '412d25ee-e34c-4a46-96f4-90cbb10bb6c1', '2024-01-10', '99232', 18910, 0, 'DENIED', 'Prior authorization required', '2025-10-01 15:31:10.967469+00', '2025-10-01 15:31:10.967469+00');
INSERT INTO public.claims (id, member_id, provider_id, dos, cpt, charge_cents, allowed_cents, status, denial_reason, created_at, updated_at) VALUES ('0958ca88-525c-4ff9-84d7-bd8200a0207e', 'bf6a2a56-c1a0-42cd-85df-5c6254fc98b2', '9356b732-7cd7-49bc-9f66-de886692a0a3', '2025-07-17', '70450', 125671, 96815, 'PAID', NULL, '2025-10-01 15:31:10.968216+00', '2025-10-01 15:31:10.968216+00');
INSERT INTO public.claims (id, member_id, provider_id, dos, cpt, charge_cents, allowed_cents, status, denial_reason, created_at, updated_at) VALUES ('c7dec999-3401-4189-a46c-ad5bf79ef5f2', '96ccbe68-a57f-4972-9039-80a976daade6', '65475782-cc34-442a-b861-136b9cff290a', '2025-07-02', '99213', 18427, 18427, 'PENDING', NULL, '2025-10-01 15:31:10.968927+00', '2025-10-01 15:31:10.968927+00');
INSERT INTO public.claims (id, member_id, provider_id, dos, cpt, charge_cents, allowed_cents, status, denial_reason, created_at, updated_at) VALUES ('b3ded680-6a8b-4cbb-8eba-8b14cfea3b0e', '7229ae55-0684-4b65-be1f-9421487e1efa', '3eaf2ed1-9409-4bb6-b9dc-3e957e6626ef', '2025-04-05', '99214', 22960, 22960, 'PENDING', NULL, '2025-10-01 15:31:10.969755+00', '2025-10-01 15:31:10.969755+00');
INSERT INTO public.claims (id, member_id, provider_id, dos, cpt, charge_cents, allowed_cents, status, denial_reason, created_at, updated_at) VALUES ('264b3a76-7098-4f51-a353-b6d7dec1af9a', '0b7ee958-06d2-43ae-be9b-6efda21efa99', 'f6b00fb6-fb35-4052-a995-86c16bbd76fe', '2025-08-12', '99223', 53200, 41620, 'PAID', NULL, '2025-10-01 15:31:10.970404+00', '2025-10-01 15:31:10.970404+00');
INSERT INTO public.claims (id, member_id, provider_id, dos, cpt, charge_cents, allowed_cents, status, denial_reason, created_at, updated_at) VALUES ('f8c82e48-bf9b-47a2-a991-51cf04e5c770', '644a8c5c-1f96-4c94-a25d-0a18abf07423', '9356b732-7cd7-49bc-9f66-de886692a0a3', '2024-04-04', '80053', 8816, 7325, 'PAID', NULL, '2025-10-01 15:31:10.97124+00', '2025-10-01 15:31:10.97124+00');
INSERT INTO public.claims (id, member_id, provider_id, dos, cpt, charge_cents, allowed_cents, status, denial_reason, created_at, updated_at) VALUES ('a7431786-66d6-47bb-9203-f541c85182fc', '3280c715-b9f0-425b-b7e2-ece358f9062f', '165653f5-95eb-4507-893f-2c494383a5f8', '2025-01-12', '93000', 9920, 0, 'DENIED', 'Prior authorization required', '2025-10-01 15:31:10.972058+00', '2025-10-01 15:31:10.972058+00');
INSERT INTO public.claims (id, member_id, provider_id, dos, cpt, charge_cents, allowed_cents, status, denial_reason, created_at, updated_at) VALUES ('a411376c-a563-4a99-add8-4b060f3a0cf7', 'a0065051-4951-4dfb-81b4-9a4d5ff9e193', 'd7b5cb80-7963-44a7-8c6b-198f645064c6', '2025-04-21', '99285', 76020, 0, 'DENIED', 'Duplicate claim', '2025-10-01 15:31:10.972958+00', '2025-10-01 15:31:10.972958+00');
INSERT INTO public.claims (id, member_id, provider_id, dos, cpt, charge_cents, allowed_cents, status, denial_reason, created_at, updated_at) VALUES ('2628fa1a-4630-409a-81d5-42bd2ea2d600', '4171eac6-fd57-4ff5-beab-7b7ebeacb8a7', 'ee960b6f-e0f9-4725-b09b-457efea6f083', '2024-09-10', '99223', 53155, 53155, 'PENDING', NULL, '2025-10-01 15:31:10.973917+00', '2025-10-01 15:31:10.973917+00');
INSERT INTO public.claims (id, member_id, provider_id, dos, cpt, charge_cents, allowed_cents, status, denial_reason, created_at, updated_at) VALUES ('1a161d1a-abb7-4cb3-b7e5-7e83917b39c3', 'a0065051-4951-4dfb-81b4-9a4d5ff9e193', '734f62da-879d-45bb-b07b-8163182ef917', '2025-04-22', '85025', 4371, 3441, 'PAID', NULL, '2025-10-01 15:31:10.974653+00', '2025-10-01 15:31:10.974653+00');
INSERT INTO public.claims (id, member_id, provider_id, dos, cpt, charge_cents, allowed_cents, status, denial_reason, created_at, updated_at) VALUES ('f1a8da3e-295f-42e4-839f-f4cb85e27407', 'ca2cfb23-68c4-439a-84b0-2b49f33f653e', '6bff8fac-72c5-4002-840c-87757dc35c95', '2024-08-29', '80053', 7350, 4847, 'PAID', NULL, '2025-10-01 15:31:10.975489+00', '2025-10-01 15:31:10.975489+00');
INSERT INTO public.claims (id, member_id, provider_id, dos, cpt, charge_cents, allowed_cents, status, denial_reason, created_at, updated_at) VALUES ('344f6dad-41c1-40f4-9e68-dd09a66f9f58', '11aad275-8df3-4370-b728-26c7f42b4d7e', '9356b732-7cd7-49bc-9f66-de886692a0a3', '2025-03-08', '93000', 10689, 6640, 'PAID', NULL, '2025-10-01 15:31:10.976519+00', '2025-10-01 15:31:10.976519+00');
INSERT INTO public.claims (id, member_id, provider_id, dos, cpt, charge_cents, allowed_cents, status, denial_reason, created_at, updated_at) VALUES ('e2b83202-b3d3-467e-82a8-7f5ada4bd1ae', '22cc1173-bdad-45a2-a5fe-56d1130e802b', '4d7aba35-9f89-4365-bdd9-7f56df6c1998', '2024-12-05', '93000', 11299, 8481, 'PAID', NULL, '2025-10-01 15:31:10.977537+00', '2025-10-01 15:31:10.977537+00');
INSERT INTO public.claims (id, member_id, provider_id, dos, cpt, charge_cents, allowed_cents, status, denial_reason, created_at, updated_at) VALUES ('3dc7f84e-9659-4d3b-ab99-1c016da14385', '38053e73-4d67-4ab7-a2aa-02181f87f7ba', '3eaf2ed1-9409-4bb6-b9dc-3e957e6626ef', '2025-04-08', '99223', 50956, 0, 'DENIED', 'Out of network', '2025-10-01 15:31:10.978139+00', '2025-10-01 15:31:10.978139+00');
INSERT INTO public.claims (id, member_id, provider_id, dos, cpt, charge_cents, allowed_cents, status, denial_reason, created_at, updated_at) VALUES ('7d518c07-bbe7-4ada-a4e6-6f70dd1ed76a', '0b057d39-0b9d-4265-a92c-d9fd8f22a7a6', '5c446abb-dfc2-4aaa-ac07-18e1a693b738', '2024-08-13', '70450', 125824, 80700, 'PAID', NULL, '2025-10-01 15:31:10.978763+00', '2025-10-01 15:31:10.978763+00');
INSERT INTO public.claims (id, member_id, provider_id, dos, cpt, charge_cents, allowed_cents, status, denial_reason, created_at, updated_at) VALUES ('7f08bc43-c47a-498b-9fbf-c4e56f85231a', 'bf6a2a56-c1a0-42cd-85df-5c6254fc98b2', 'de2395d6-74ed-4e7a-a125-1a8aa90a54ab', '2025-07-02', '99232', 22020, 14960, 'PAID', NULL, '2025-10-01 15:31:10.97948+00', '2025-10-01 15:31:10.97948+00');
INSERT INTO public.claims (id, member_id, provider_id, dos, cpt, charge_cents, allowed_cents, status, denial_reason, created_at, updated_at) VALUES ('b9cd09bd-2ac3-43fe-b1a3-00aecbeeed96', '91b0bb4c-bee9-42e4-b2ca-ad0b9c70210f', 'a9523339-8c6a-432b-bac2-78a9196aed5e', '2025-02-08', '99285', 75188, 0, 'DENIED', 'Pre-existing condition exclusion', '2025-10-01 15:31:10.980063+00', '2025-10-01 15:31:10.980063+00');
INSERT INTO public.claims (id, member_id, provider_id, dos, cpt, charge_cents, allowed_cents, status, denial_reason, created_at, updated_at) VALUES ('e5a60560-0f61-43eb-890b-80c1838eafec', '7229ae55-0684-4b65-be1f-9421487e1efa', 'f6b00fb6-fb35-4052-a995-86c16bbd76fe', '2025-09-29', '85025', 7884, 6975, 'PAID', NULL, '2025-10-01 15:31:10.980509+00', '2025-10-01 15:31:10.980509+00');
INSERT INTO public.claims (id, member_id, provider_id, dos, cpt, charge_cents, allowed_cents, status, denial_reason, created_at, updated_at) VALUES ('51f4001c-debe-42c7-9224-c3608543ae0a', '32fbc6f5-0038-47da-9401-90fc2690a5bd', '412d25ee-e34c-4a46-96f4-90cbb10bb6c1', '2025-07-28', '99223', 53714, 47710, 'PAID', NULL, '2025-10-01 15:31:10.980925+00', '2025-10-01 15:31:10.980925+00');
INSERT INTO public.claims (id, member_id, provider_id, dos, cpt, charge_cents, allowed_cents, status, denial_reason, created_at, updated_at) VALUES ('6ba8ca46-bb00-4e6d-af1d-ea87ae310297', '96ccbe68-a57f-4972-9039-80a976daade6', '9356b732-7cd7-49bc-9f66-de886692a0a3', '2025-02-04', '70450', 129143, 0, 'DENIED', 'Out of network', '2025-10-01 15:31:10.981342+00', '2025-10-01 15:31:10.981342+00');
INSERT INTO public.claims (id, member_id, provider_id, dos, cpt, charge_cents, allowed_cents, status, denial_reason, created_at, updated_at) VALUES ('399a9c7e-88f7-4dc0-a7f0-b0280bf5417d', '19bd8ccf-e984-49e1-a41b-d56f1bd0b899', '734f62da-879d-45bb-b07b-8163182ef917', '2024-07-23', '93000', 9542, 8413, 'PAID', NULL, '2025-10-01 15:31:10.981791+00', '2025-10-01 15:31:10.981791+00');
INSERT INTO public.claims (id, member_id, provider_id, dos, cpt, charge_cents, allowed_cents, status, denial_reason, created_at, updated_at) VALUES ('a5e53b06-0718-4378-975a-3d65bece4d10', '32fbc6f5-0038-47da-9401-90fc2690a5bd', '165653f5-95eb-4507-893f-2c494383a5f8', '2024-03-28', '99285', 75813, 49227, 'PAID', NULL, '2025-10-01 15:31:10.982292+00', '2025-10-01 15:31:10.982292+00');
INSERT INTO public.claims (id, member_id, provider_id, dos, cpt, charge_cents, allowed_cents, status, denial_reason, created_at, updated_at) VALUES ('519e9afa-8b93-49f1-963a-623e2156df3f', '644a8c5c-1f96-4c94-a25d-0a18abf07423', '4d7aba35-9f89-4365-bdd9-7f56df6c1998', '2024-01-22', '99213', 18287, 15258, 'PAID', NULL, '2025-10-01 15:31:10.982833+00', '2025-10-01 15:31:10.982833+00');
INSERT INTO public.claims (id, member_id, provider_id, dos, cpt, charge_cents, allowed_cents, status, denial_reason, created_at, updated_at) VALUES ('e1f094a3-8bd1-4b8b-9d5a-8d0a73832c35', '19bd8ccf-e984-49e1-a41b-d56f1bd0b899', '3eaf2ed1-9409-4bb6-b9dc-3e957e6626ef', '2025-09-26', '99223', 54321, 54321, 'PENDING', NULL, '2025-10-01 15:31:10.983534+00', '2025-10-01 15:31:10.983534+00');
INSERT INTO public.claims (id, member_id, provider_id, dos, cpt, charge_cents, allowed_cents, status, denial_reason, created_at, updated_at) VALUES ('e3b5e65b-5404-4489-9635-ab43903d966f', '38053e73-4d67-4ab7-a2aa-02181f87f7ba', '3eaf2ed1-9409-4bb6-b9dc-3e957e6626ef', '2024-06-14', '99285', 75327, 60452, 'PAID', NULL, '2025-10-01 15:31:10.984493+00', '2025-10-01 15:31:10.984493+00');
INSERT INTO public.claims (id, member_id, provider_id, dos, cpt, charge_cents, allowed_cents, status, denial_reason, created_at, updated_at) VALUES ('d84a9786-59af-40a5-9b80-d239c25ee4f6', 'c5f2e577-bbab-4fdc-b5b9-85af264fd973', '37afd814-f12f-4447-a2c5-21de24e28a8f', '2025-08-31', '85025', 5926, 3628, 'PAID', NULL, '2025-10-01 15:31:10.985053+00', '2025-10-01 15:31:10.985053+00');
INSERT INTO public.claims (id, member_id, provider_id, dos, cpt, charge_cents, allowed_cents, status, denial_reason, created_at, updated_at) VALUES ('6f11cd50-41b7-40fe-b7bb-3e182ee9bfac', '5dd2f763-fcd4-458e-a454-2352d36c5267', '412d25ee-e34c-4a46-96f4-90cbb10bb6c1', '2024-08-17', '99213', 17116, 13503, 'PAID', NULL, '2025-10-01 15:31:10.985488+00', '2025-10-01 15:31:10.985488+00');
INSERT INTO public.claims (id, member_id, provider_id, dos, cpt, charge_cents, allowed_cents, status, denial_reason, created_at, updated_at) VALUES ('f5b35892-42a3-4a17-abe6-9d5df8ac3468', '5abee5db-965b-43ea-8211-4f3f1906d29a', 'f6b00fb6-fb35-4052-a995-86c16bbd76fe', '2025-08-31', '80053', 5182, 3701, 'PAID', NULL, '2025-10-01 15:31:10.986032+00', '2025-10-01 15:31:10.986032+00');
INSERT INTO public.claims (id, member_id, provider_id, dos, cpt, charge_cents, allowed_cents, status, denial_reason, created_at, updated_at) VALUES ('9067c912-c92a-4c61-812f-f50ae8302541', '96ccbe68-a57f-4972-9039-80a976daade6', '3eaf2ed1-9409-4bb6-b9dc-3e957e6626ef', '2024-05-27', '85025', 6988, 6988, 'PENDING', NULL, '2025-10-01 15:31:10.986508+00', '2025-10-01 15:31:10.986508+00');
INSERT INTO public.claims (id, member_id, provider_id, dos, cpt, charge_cents, allowed_cents, status, denial_reason, created_at, updated_at) VALUES ('82d472eb-4cfe-44e2-87a3-b307ce04233b', '7229ae55-0684-4b65-be1f-9421487e1efa', '412d25ee-e34c-4a46-96f4-90cbb10bb6c1', '2025-02-25', '36415', 3277, 3277, 'PENDING', NULL, '2025-10-01 15:31:10.98693+00', '2025-10-01 15:31:10.98693+00');
INSERT INTO public.claims (id, member_id, provider_id, dos, cpt, charge_cents, allowed_cents, status, denial_reason, created_at, updated_at) VALUES ('05df56c7-d76b-439e-9d81-bc36e7073742', '5abee5db-965b-43ea-8211-4f3f1906d29a', '734f62da-879d-45bb-b07b-8163182ef917', '2025-04-23', '99214', 27386, 27386, 'PENDING', NULL, '2025-10-01 15:31:10.987386+00', '2025-10-01 15:31:10.987386+00');
INSERT INTO public.claims (id, member_id, provider_id, dos, cpt, charge_cents, allowed_cents, status, denial_reason, created_at, updated_at) VALUES ('d3759625-7ec3-4108-9fb4-06ca08f2f1ae', '96ccbe68-a57f-4972-9039-80a976daade6', 'f6b00fb6-fb35-4052-a995-86c16bbd76fe', '2025-01-22', '99232', 21223, 0, 'DENIED', 'Not medically necessary', '2025-10-01 15:31:10.987832+00', '2025-10-01 15:31:10.987832+00');
INSERT INTO public.claims (id, member_id, provider_id, dos, cpt, charge_cents, allowed_cents, status, denial_reason, created_at, updated_at) VALUES ('a524240d-ca87-4abe-bf8a-2c038c299a8d', '5abee5db-965b-43ea-8211-4f3f1906d29a', '412d25ee-e34c-4a46-96f4-90cbb10bb6c1', '2025-02-13', '93000', 9738, 8650, 'PAID', NULL, '2025-10-01 15:31:10.988259+00', '2025-10-01 15:31:10.988259+00');
INSERT INTO public.claims (id, member_id, provider_id, dos, cpt, charge_cents, allowed_cents, status, denial_reason, created_at, updated_at) VALUES ('d161f217-3506-45e0-96ca-1a2a6dbd6ebb', '70c84315-9f1b-45e0-aff3-a2eeb2c53687', '2e8b0b32-38a9-4e3d-9900-3418e82fd1ed', '2024-01-27', '99285', 75968, 53725, 'PAID', NULL, '2025-10-01 15:31:10.988731+00', '2025-10-01 15:31:10.988731+00');
INSERT INTO public.claims (id, member_id, provider_id, dos, cpt, charge_cents, allowed_cents, status, denial_reason, created_at, updated_at) VALUES ('ae708ad6-3b3a-4b8f-a2bc-1cb5aaab5353', 'f000df1c-9ac9-4656-8710-18fc54195f1d', '412d25ee-e34c-4a46-96f4-90cbb10bb6c1', '2024-08-26', '99223', 54582, 34300, 'PAID', NULL, '2025-10-01 15:31:10.98917+00', '2025-10-01 15:31:10.98917+00');
INSERT INTO public.claims (id, member_id, provider_id, dos, cpt, charge_cents, allowed_cents, status, denial_reason, created_at, updated_at) VALUES ('6ae24271-085b-49b6-873a-e23b5c1967ea', '70c84315-9f1b-45e0-aff3-a2eeb2c53687', 'f08464a1-bdd3-48d8-aa33-e07ffa11456f', '2025-04-19', '70450', 126860, 126860, 'PENDING', NULL, '2025-10-01 15:31:10.989594+00', '2025-10-01 15:31:10.989594+00');
INSERT INTO public.claims (id, member_id, provider_id, dos, cpt, charge_cents, allowed_cents, status, denial_reason, created_at, updated_at) VALUES ('cf6069cc-b4e5-4d4b-a3a1-3a751717308f', '3280c715-b9f0-425b-b7e2-ece358f9062f', '734f62da-879d-45bb-b07b-8163182ef917', '2024-10-31', '99232', 19422, 13093, 'PAID', NULL, '2025-10-01 15:31:10.990019+00', '2025-10-01 15:31:10.990019+00');
INSERT INTO public.claims (id, member_id, provider_id, dos, cpt, charge_cents, allowed_cents, status, denial_reason, created_at, updated_at) VALUES ('d7b0dcde-7325-4cde-b3c4-f1762bc3075f', 'c70ed030-91f9-4c5d-ade5-0d61fdb34018', '165653f5-95eb-4507-893f-2c494383a5f8', '2025-05-10', '80053', 4519, 3759, 'PAID', NULL, '2025-10-01 15:31:10.990494+00', '2025-10-01 15:31:10.990494+00');
INSERT INTO public.claims (id, member_id, provider_id, dos, cpt, charge_cents, allowed_cents, status, denial_reason, created_at, updated_at) VALUES ('02a9cb3a-1520-4cff-9f23-7d6a2b0168a5', '0108525f-789e-439e-b332-307b2e3df088', '4d7aba35-9f89-4365-bdd9-7f56df6c1998', '2025-01-30', '80053', 5236, 3608, 'PAID', NULL, '2025-10-01 15:31:10.991044+00', '2025-10-01 15:31:10.991044+00');
INSERT INTO public.claims (id, member_id, provider_id, dos, cpt, charge_cents, allowed_cents, status, denial_reason, created_at, updated_at) VALUES ('88cec203-c88e-4673-b0dc-910caba3a370', 'f5b362d9-eacf-404c-92c6-e23fee5a0f20', '5c446abb-dfc2-4aaa-ac07-18e1a693b738', '2024-05-22', '99213', 16798, 16798, 'PENDING', NULL, '2025-10-01 15:31:10.991751+00', '2025-10-01 15:31:10.991751+00');
INSERT INTO public.claims (id, member_id, provider_id, dos, cpt, charge_cents, allowed_cents, status, denial_reason, created_at, updated_at) VALUES ('c56df056-5142-43e8-9183-abc8ecf7e07c', '57ceda94-da2d-4aae-b2e3-1e801f331132', 'ee960b6f-e0f9-4725-b09b-457efea6f083', '2024-03-03', '99285', 75788, 67059, 'PAID', NULL, '2025-10-01 15:31:10.992437+00', '2025-10-01 15:31:10.992437+00');
INSERT INTO public.claims (id, member_id, provider_id, dos, cpt, charge_cents, allowed_cents, status, denial_reason, created_at, updated_at) VALUES ('a3234fab-ecd9-41d1-aea0-1dc54355a344', '5abee5db-965b-43ea-8211-4f3f1906d29a', '9356b732-7cd7-49bc-9f66-de886692a0a3', '2025-08-22', '99213', 18250, 0, 'DENIED', 'Step therapy not followed', '2025-10-01 15:31:10.992962+00', '2025-10-01 15:31:10.992962+00');
INSERT INTO public.claims (id, member_id, provider_id, dos, cpt, charge_cents, allowed_cents, status, denial_reason, created_at, updated_at) VALUES ('37b936ad-a316-48f2-b16b-6b00f3a355b2', '4a609c4b-7a7e-4336-907d-27fef8420ab6', 'ee960b6f-e0f9-4725-b09b-457efea6f083', '2024-11-17', '99232', 19674, 19674, 'PENDING', NULL, '2025-10-01 15:31:10.993598+00', '2025-10-01 15:31:10.993598+00');
INSERT INTO public.claims (id, member_id, provider_id, dos, cpt, charge_cents, allowed_cents, status, denial_reason, created_at, updated_at) VALUES ('e1bbe16a-0fce-4056-8ed4-9c15ba618548', 'f000df1c-9ac9-4656-8710-18fc54195f1d', '165653f5-95eb-4507-893f-2c494383a5f8', '2024-05-11', '99285', 78238, 78238, 'PENDING', NULL, '2025-10-01 15:31:10.994025+00', '2025-10-01 15:31:10.994025+00');
INSERT INTO public.claims (id, member_id, provider_id, dos, cpt, charge_cents, allowed_cents, status, denial_reason, created_at, updated_at) VALUES ('ad84e906-b58c-4a65-bf5b-91bd999b7e08', '0108525f-789e-439e-b332-307b2e3df088', 'd7b5cb80-7963-44a7-8c6b-198f645064c6', '2024-12-13', '93000', 12764, 9139, 'PAID', NULL, '2025-10-01 15:31:10.994476+00', '2025-10-01 15:31:10.994476+00');
INSERT INTO public.claims (id, member_id, provider_id, dos, cpt, charge_cents, allowed_cents, status, denial_reason, created_at, updated_at) VALUES ('815bdc2d-5383-43ca-b2ce-643a115522c7', '11aad275-8df3-4370-b728-26c7f42b4d7e', '734f62da-879d-45bb-b07b-8163182ef917', '2024-05-28', '99285', 75490, 59303, 'PAID', NULL, '2025-10-01 15:31:10.994895+00', '2025-10-01 15:31:10.994895+00');
INSERT INTO public.claims (id, member_id, provider_id, dos, cpt, charge_cents, allowed_cents, status, denial_reason, created_at, updated_at) VALUES ('3b8cddb0-9af9-43c0-a7e5-29878794fcb9', 'bf6a2a56-c1a0-42cd-85df-5c6254fc98b2', '734f62da-879d-45bb-b07b-8163182ef917', '2024-08-21', '99223', 50480, 33305, 'PAID', NULL, '2025-10-01 15:31:10.995353+00', '2025-10-01 15:31:10.995353+00');
INSERT INTO public.claims (id, member_id, provider_id, dos, cpt, charge_cents, allowed_cents, status, denial_reason, created_at, updated_at) VALUES ('a9bde0bf-f694-4979-929b-bf71adda0901', '4171eac6-fd57-4ff5-beab-7b7ebeacb8a7', 'ee960b6f-e0f9-4725-b09b-457efea6f083', '2024-06-17', '99223', 50260, 31509, 'PAID', NULL, '2025-10-01 15:31:10.995855+00', '2025-10-01 15:31:10.995855+00');
INSERT INTO public.claims (id, member_id, provider_id, dos, cpt, charge_cents, allowed_cents, status, denial_reason, created_at, updated_at) VALUES ('53eaee18-2aa9-4c5a-90bc-405c1f704ccd', '5abee5db-965b-43ea-8211-4f3f1906d29a', '65475782-cc34-442a-b861-136b9cff290a', '2024-11-19', '99223', 52367, 52367, 'PENDING', NULL, '2025-10-01 15:31:10.996398+00', '2025-10-01 15:31:10.996398+00');
INSERT INTO public.claims (id, member_id, provider_id, dos, cpt, charge_cents, allowed_cents, status, denial_reason, created_at, updated_at) VALUES ('ff75dbc5-b396-4356-9e64-b8d8eb879397', 'c70ed030-91f9-4c5d-ade5-0d61fdb34018', '9356b732-7cd7-49bc-9f66-de886692a0a3', '2024-10-10', '99213', 17424, 17424, 'PENDING', NULL, '2025-10-01 15:31:10.996834+00', '2025-10-01 15:31:10.996834+00');
INSERT INTO public.claims (id, member_id, provider_id, dos, cpt, charge_cents, allowed_cents, status, denial_reason, created_at, updated_at) VALUES ('8dafab21-644c-4a97-bd88-fa27177e7a2e', 'f000df1c-9ac9-4656-8710-18fc54195f1d', '412d25ee-e34c-4a46-96f4-90cbb10bb6c1', '2025-09-24', '99214', 26170, 18963, 'PAID', NULL, '2025-10-01 15:31:10.997242+00', '2025-10-01 15:31:10.997242+00');
INSERT INTO public.claims (id, member_id, provider_id, dos, cpt, charge_cents, allowed_cents, status, denial_reason, created_at, updated_at) VALUES ('040162c0-5cba-451f-911f-3ad004fe38ab', '11aad275-8df3-4370-b728-26c7f42b4d7e', 'f6b00fb6-fb35-4052-a995-86c16bbd76fe', '2025-06-08', '70450', 127359, 107045, 'PAID', NULL, '2025-10-01 15:31:10.997646+00', '2025-10-01 15:31:10.997646+00');
INSERT INTO public.claims (id, member_id, provider_id, dos, cpt, charge_cents, allowed_cents, status, denial_reason, created_at, updated_at) VALUES ('17d7e996-f636-49b9-99a9-a849ea0afc22', 'aba431b2-a592-4b47-a0d5-a831086340fe', 'ac764fcf-e284-4526-8ecc-42b0d975e87a', '2024-02-05', '99285', 79828, 79828, 'PENDING', NULL, '2025-10-01 15:31:10.9982+00', '2025-10-01 15:31:10.9982+00');
INSERT INTO public.claims (id, member_id, provider_id, dos, cpt, charge_cents, allowed_cents, status, denial_reason, created_at, updated_at) VALUES ('6e9ece2b-6e7b-45fa-b5eb-65e239f24d58', '0b057d39-0b9d-4265-a92c-d9fd8f22a7a6', '2e8b0b32-38a9-4e3d-9900-3418e82fd1ed', '2025-06-23', '99223', 51273, 0, 'DENIED', 'Missing documentation', '2025-10-01 15:31:10.998621+00', '2025-10-01 15:31:10.998621+00');
INSERT INTO public.claims (id, member_id, provider_id, dos, cpt, charge_cents, allowed_cents, status, denial_reason, created_at, updated_at) VALUES ('368ec917-b8b9-406d-8b0e-e222b7aad1bb', 'a90f3661-4fa7-44bb-b132-491b24a1859d', 'ee960b6f-e0f9-4725-b09b-457efea6f083', '2025-03-05', '93000', 11410, 11410, 'PENDING', NULL, '2025-10-01 15:31:10.99905+00', '2025-10-01 15:31:10.99905+00');
INSERT INTO public.claims (id, member_id, provider_id, dos, cpt, charge_cents, allowed_cents, status, denial_reason, created_at, updated_at) VALUES ('23a98952-4179-4dfe-b43f-f760a87ee5fe', '2ba26e85-d067-4869-8b94-6a5a336d458e', '5c446abb-dfc2-4aaa-ac07-18e1a693b738', '2024-11-26', '36415', 4256, 0, 'DENIED', 'Duplicate claim', '2025-10-01 15:31:10.999608+00', '2025-10-01 15:31:10.999608+00');
INSERT INTO public.claims (id, member_id, provider_id, dos, cpt, charge_cents, allowed_cents, status, denial_reason, created_at, updated_at) VALUES ('e87aa777-c29e-4bb4-b282-47a3e906f422', '5dd2f763-fcd4-458e-a454-2352d36c5267', 'd7b5cb80-7963-44a7-8c6b-198f645064c6', '2024-08-01', '99213', 19531, 16281, 'PAID', NULL, '2025-10-01 15:31:11.000233+00', '2025-10-01 15:31:11.000233+00');
INSERT INTO public.claims (id, member_id, provider_id, dos, cpt, charge_cents, allowed_cents, status, denial_reason, created_at, updated_at) VALUES ('2fe03f42-b26d-418b-a9e3-f877d631579a', '753ff13b-1426-4879-8532-47efff75fdd0', '734f62da-879d-45bb-b07b-8163182ef917', '2025-01-14', '99285', 75103, 59323, 'PAID', NULL, '2025-10-01 15:31:11.000733+00', '2025-10-01 15:31:11.000733+00');
INSERT INTO public.claims (id, member_id, provider_id, dos, cpt, charge_cents, allowed_cents, status, denial_reason, created_at, updated_at) VALUES ('374c58b3-e3e2-4024-9a3f-72304be4de82', 'f000df1c-9ac9-4656-8710-18fc54195f1d', '9356b732-7cd7-49bc-9f66-de886692a0a3', '2024-12-04', '85025', 3988, 3234, 'PAID', NULL, '2025-10-01 15:31:11.001158+00', '2025-10-01 15:31:11.001158+00');
INSERT INTO public.claims (id, member_id, provider_id, dos, cpt, charge_cents, allowed_cents, status, denial_reason, created_at, updated_at) VALUES ('6f734cb6-3a66-426c-840a-3eed683f767f', 'bd486fe0-ec91-4d56-9598-b232d4f9a14a', '9356b732-7cd7-49bc-9f66-de886692a0a3', '2024-12-21', '85025', 7682, 6567, 'PAID', NULL, '2025-10-01 15:31:11.001538+00', '2025-10-01 15:31:11.001538+00');
INSERT INTO public.claims (id, member_id, provider_id, dos, cpt, charge_cents, allowed_cents, status, denial_reason, created_at, updated_at) VALUES ('52bdc800-0e99-4ff2-952f-410244319ca6', 'f000df1c-9ac9-4656-8710-18fc54195f1d', 'aa10d0a3-44fd-4535-8e64-7716cf8eed20', '2024-11-12', '80053', 5051, 3607, 'PAID', NULL, '2025-10-01 15:31:11.002128+00', '2025-10-01 15:31:11.002128+00');
INSERT INTO public.claims (id, member_id, provider_id, dos, cpt, charge_cents, allowed_cents, status, denial_reason, created_at, updated_at) VALUES ('48ffa3f1-0cf0-4150-806b-52fb7445e2d7', 'a9235834-0656-41bb-9538-da2b935255a0', 'd7b5cb80-7963-44a7-8c6b-198f645064c6', '2025-08-02', '99214', 26018, 19881, 'PAID', NULL, '2025-10-01 15:31:11.002551+00', '2025-10-01 15:31:11.002551+00');
INSERT INTO public.claims (id, member_id, provider_id, dos, cpt, charge_cents, allowed_cents, status, denial_reason, created_at, updated_at) VALUES ('c7a83b44-9319-4d67-88f2-f287066dfa08', '644a8c5c-1f96-4c94-a25d-0a18abf07423', '3eaf2ed1-9409-4bb6-b9dc-3e957e6626ef', '2024-09-29', '99213', 15456, 9338, 'PAID', NULL, '2025-10-01 15:31:11.002974+00', '2025-10-01 15:31:11.002974+00');
INSERT INTO public.claims (id, member_id, provider_id, dos, cpt, charge_cents, allowed_cents, status, denial_reason, created_at, updated_at) VALUES ('f63cc91e-8643-43a5-844b-56be4333ea74', '0b057d39-0b9d-4265-a92c-d9fd8f22a7a6', '734f62da-879d-45bb-b07b-8163182ef917', '2024-03-14', '93000', 13306, 8862, 'PAID', NULL, '2025-10-01 15:31:11.003392+00', '2025-10-01 15:31:11.003392+00');
INSERT INTO public.claims (id, member_id, provider_id, dos, cpt, charge_cents, allowed_cents, status, denial_reason, created_at, updated_at) VALUES ('c832791d-d520-4850-8fec-c862fa899fcc', 'c5f2e577-bbab-4fdc-b5b9-85af264fd973', 'd7b5cb80-7963-44a7-8c6b-198f645064c6', '2025-05-25', '99232', 18311, 12958, 'PAID', NULL, '2025-10-01 15:31:11.003804+00', '2025-10-01 15:31:11.003804+00');
INSERT INTO public.claims (id, member_id, provider_id, dos, cpt, charge_cents, allowed_cents, status, denial_reason, created_at, updated_at) VALUES ('efa9301c-fd85-4c9b-b279-2ba87d7d2535', '38053e73-4d67-4ab7-a2aa-02181f87f7ba', 'a9523339-8c6a-432b-bac2-78a9196aed5e', '2024-08-24', '93000', 9789, 9789, 'PENDING', NULL, '2025-10-01 15:31:11.004317+00', '2025-10-01 15:31:11.004317+00');
INSERT INTO public.claims (id, member_id, provider_id, dos, cpt, charge_cents, allowed_cents, status, denial_reason, created_at, updated_at) VALUES ('242e7856-2678-4d9a-912b-ed7d75c3588a', '4171eac6-fd57-4ff5-beab-7b7ebeacb8a7', '6bff8fac-72c5-4002-840c-87757dc35c95', '2024-12-03', '36415', 5634, 4988, 'PAID', NULL, '2025-10-01 15:31:11.004855+00', '2025-10-01 15:31:11.004855+00');
INSERT INTO public.claims (id, member_id, provider_id, dos, cpt, charge_cents, allowed_cents, status, denial_reason, created_at, updated_at) VALUES ('ade68556-2553-47db-8672-18b1ff218aa6', '40e0a1f5-daf7-49ed-91a2-26824f6e4637', '9356b732-7cd7-49bc-9f66-de886692a0a3', '2024-05-14', '85025', 4633, 3956, 'PAID', NULL, '2025-10-01 15:31:11.00535+00', '2025-10-01 15:31:11.00535+00');
INSERT INTO public.claims (id, member_id, provider_id, dos, cpt, charge_cents, allowed_cents, status, denial_reason, created_at, updated_at) VALUES ('35c8f93e-a969-4636-8f27-e05aa1a757e8', '2ba26e85-d067-4869-8b94-6a5a336d458e', 'aa10d0a3-44fd-4535-8e64-7716cf8eed20', '2025-09-22', '99214', 25432, 18258, 'PAID', NULL, '2025-10-01 15:31:11.005799+00', '2025-10-01 15:31:11.005799+00');
INSERT INTO public.claims (id, member_id, provider_id, dos, cpt, charge_cents, allowed_cents, status, denial_reason, created_at, updated_at) VALUES ('ac2546c4-75e5-4179-ae08-dcc45f42166f', 'd827051d-2d5a-4704-ac6e-4bea73ba839f', '165653f5-95eb-4507-893f-2c494383a5f8', '2024-12-30', '99214', 25873, 17189, 'PAID', NULL, '2025-10-01 15:31:11.006247+00', '2025-10-01 15:31:11.006247+00');
INSERT INTO public.claims (id, member_id, provider_id, dos, cpt, charge_cents, allowed_cents, status, denial_reason, created_at, updated_at) VALUES ('5641b1ca-a1d9-4ed6-aac8-a5303d80d987', 'bf6a2a56-c1a0-42cd-85df-5c6254fc98b2', '65475782-cc34-442a-b861-136b9cff290a', '2025-01-27', '93000', 8779, 8779, 'PENDING', NULL, '2025-10-01 15:31:11.006664+00', '2025-10-01 15:31:11.006664+00');
INSERT INTO public.claims (id, member_id, provider_id, dos, cpt, charge_cents, allowed_cents, status, denial_reason, created_at, updated_at) VALUES ('0cb1c0c8-b295-43ba-8ad0-aabf8be97620', '11aad275-8df3-4370-b728-26c7f42b4d7e', '5c446abb-dfc2-4aaa-ac07-18e1a693b738', '2025-07-16', '99223', 52906, 41566, 'PAID', NULL, '2025-10-01 15:31:11.007051+00', '2025-10-01 15:31:11.007051+00');
INSERT INTO public.claims (id, member_id, provider_id, dos, cpt, charge_cents, allowed_cents, status, denial_reason, created_at, updated_at) VALUES ('103ca4e9-9c0c-49e4-b943-94cfebd9dce4', '0108525f-789e-439e-b332-307b2e3df088', '734f62da-879d-45bb-b07b-8163182ef917', '2025-04-18', '99223', 51105, 0, 'DENIED', 'Pre-existing condition exclusion', '2025-10-01 15:31:11.007531+00', '2025-10-01 15:31:11.007531+00');
INSERT INTO public.claims (id, member_id, provider_id, dos, cpt, charge_cents, allowed_cents, status, denial_reason, created_at, updated_at) VALUES ('3d06e644-08f5-4b79-bd5c-0ba5f05ce659', '2ba26e85-d067-4869-8b94-6a5a336d458e', '37afd814-f12f-4447-a2c5-21de24e28a8f', '2024-10-20', '99232', 18833, 18833, 'PENDING', NULL, '2025-10-01 15:31:11.008177+00', '2025-10-01 15:31:11.008177+00');
INSERT INTO public.claims (id, member_id, provider_id, dos, cpt, charge_cents, allowed_cents, status, denial_reason, created_at, updated_at) VALUES ('da59ef74-e722-431b-a7d7-ff72f4458f11', 'bd486fe0-ec91-4d56-9598-b232d4f9a14a', '3eaf2ed1-9409-4bb6-b9dc-3e957e6626ef', '2025-03-24', '99223', 52794, 36083, 'PAID', NULL, '2025-10-01 15:31:11.009177+00', '2025-10-01 15:31:11.009177+00');
INSERT INTO public.claims (id, member_id, provider_id, dos, cpt, charge_cents, allowed_cents, status, denial_reason, created_at, updated_at) VALUES ('d1bf4523-09d1-4520-b372-70b2bfd94d65', '753ff13b-1426-4879-8532-47efff75fdd0', '2e8b0b32-38a9-4e3d-9900-3418e82fd1ed', '2024-11-13', '99213', 16019, 16019, 'PENDING', NULL, '2025-10-01 15:31:11.009863+00', '2025-10-01 15:31:11.009863+00');
INSERT INTO public.claims (id, member_id, provider_id, dos, cpt, charge_cents, allowed_cents, status, denial_reason, created_at, updated_at) VALUES ('ad18140d-283a-4566-84e0-9a8481500973', '0b7ee958-06d2-43ae-be9b-6efda21efa99', '412d25ee-e34c-4a46-96f4-90cbb10bb6c1', '2025-03-05', '93000', 10059, 8511, 'PAID', NULL, '2025-10-01 15:31:11.010511+00', '2025-10-01 15:31:11.010511+00');
INSERT INTO public.claims (id, member_id, provider_id, dos, cpt, charge_cents, allowed_cents, status, denial_reason, created_at, updated_at) VALUES ('1be1895a-2493-4e12-91c8-95cddbf4e227', '753ff13b-1426-4879-8532-47efff75fdd0', '9356b732-7cd7-49bc-9f66-de886692a0a3', '2024-05-15', '70450', 126965, 106481, 'PAID', NULL, '2025-10-01 15:31:11.011363+00', '2025-10-01 15:31:11.011363+00');
INSERT INTO public.claims (id, member_id, provider_id, dos, cpt, charge_cents, allowed_cents, status, denial_reason, created_at, updated_at) VALUES ('255f1b4f-1a77-4b29-bc64-305d9fc4b86f', '19bd8ccf-e984-49e1-a41b-d56f1bd0b899', '734f62da-879d-45bb-b07b-8163182ef917', '2024-03-08', '70450', 128270, 128270, 'PENDING', NULL, '2025-10-01 15:31:11.01231+00', '2025-10-01 15:31:11.01231+00');
INSERT INTO public.claims (id, member_id, provider_id, dos, cpt, charge_cents, allowed_cents, status, denial_reason, created_at, updated_at) VALUES ('9ccaed3e-6124-4e7c-98d1-6f94ba651023', '52afc87a-1aa1-42f9-bb21-ee73723b8cdc', '37afd814-f12f-4447-a2c5-21de24e28a8f', '2025-08-31', '70450', 126392, 86224, 'PAID', NULL, '2025-10-01 15:31:11.012927+00', '2025-10-01 15:31:11.012927+00');
INSERT INTO public.claims (id, member_id, provider_id, dos, cpt, charge_cents, allowed_cents, status, denial_reason, created_at, updated_at) VALUES ('92ee88f5-b683-4eae-86f8-78eb43d7e26a', 'aba431b2-a592-4b47-a0d5-a831086340fe', '9356b732-7cd7-49bc-9f66-de886692a0a3', '2024-06-28', '80053', 7026, 5988, 'PAID', NULL, '2025-10-01 15:31:11.013651+00', '2025-10-01 15:31:11.013651+00');
INSERT INTO public.claims (id, member_id, provider_id, dos, cpt, charge_cents, allowed_cents, status, denial_reason, created_at, updated_at) VALUES ('5f986e13-dd19-4921-a564-eed5f2b1d22e', 'c70ed030-91f9-4c5d-ade5-0d61fdb34018', 'f6b00fb6-fb35-4052-a995-86c16bbd76fe', '2025-08-19', '99214', 23435, 19181, 'PAID', NULL, '2025-10-01 15:31:11.014228+00', '2025-10-01 15:31:11.014228+00');
INSERT INTO public.claims (id, member_id, provider_id, dos, cpt, charge_cents, allowed_cents, status, denial_reason, created_at, updated_at) VALUES ('19de3edd-8668-4c40-9534-d7e9b9ef2bcc', 'a90f3661-4fa7-44bb-b132-491b24a1859d', 'aa10d0a3-44fd-4535-8e64-7716cf8eed20', '2024-03-24', '99213', 17671, 0, 'DENIED', 'Service not covered under plan', '2025-10-01 15:31:11.014828+00', '2025-10-01 15:31:11.014828+00');
INSERT INTO public.claims (id, member_id, provider_id, dos, cpt, charge_cents, allowed_cents, status, denial_reason, created_at, updated_at) VALUES ('c0eabe6e-d580-4af6-b592-de13502f7d30', '3280c715-b9f0-425b-b7e2-ece358f9062f', '412d25ee-e34c-4a46-96f4-90cbb10bb6c1', '2025-09-15', '70450', 128634, 103370, 'PAID', NULL, '2025-10-01 15:31:11.015586+00', '2025-10-01 15:31:11.015586+00');
INSERT INTO public.claims (id, member_id, provider_id, dos, cpt, charge_cents, allowed_cents, status, denial_reason, created_at, updated_at) VALUES ('7b66a872-3c3c-4b88-9532-904ebb7740c1', 'bf6a2a56-c1a0-42cd-85df-5c6254fc98b2', '3eaf2ed1-9409-4bb6-b9dc-3e957e6626ef', '2025-01-19', '36415', 2632, 2632, 'PENDING', NULL, '2025-10-01 15:31:11.016198+00', '2025-10-01 15:31:11.016198+00');
INSERT INTO public.claims (id, member_id, provider_id, dos, cpt, charge_cents, allowed_cents, status, denial_reason, created_at, updated_at) VALUES ('5bcbe6eb-0508-4d18-b24a-c21adb9d7d47', 'c5f2e577-bbab-4fdc-b5b9-85af264fd973', 'de2395d6-74ed-4e7a-a125-1a8aa90a54ab', '2025-01-10', '36415', 5299, 5299, 'PENDING', NULL, '2025-10-01 15:31:11.016872+00', '2025-10-01 15:31:11.016872+00');
INSERT INTO public.claims (id, member_id, provider_id, dos, cpt, charge_cents, allowed_cents, status, denial_reason, created_at, updated_at) VALUES ('685a88d5-645a-4484-b0a5-c19a32d82c29', 'a09829b1-cad6-405b-b321-57bd2ebb8210', 'aa10d0a3-44fd-4535-8e64-7716cf8eed20', '2025-08-17', '80053', 6915, 6915, 'PENDING', NULL, '2025-10-01 15:31:11.017692+00', '2025-10-01 15:31:11.017692+00');
INSERT INTO public.claims (id, member_id, provider_id, dos, cpt, charge_cents, allowed_cents, status, denial_reason, created_at, updated_at) VALUES ('4dcd28d8-63d1-4cb9-b3b7-f1a75e1c1817', '32fbc6f5-0038-47da-9401-90fc2690a5bd', 'f6b00fb6-fb35-4052-a995-86c16bbd76fe', '2024-06-29', '70450', 128591, 90852, 'PAID', NULL, '2025-10-01 15:31:11.018637+00', '2025-10-01 15:31:11.018637+00');
INSERT INTO public.claims (id, member_id, provider_id, dos, cpt, charge_cents, allowed_cents, status, denial_reason, created_at, updated_at) VALUES ('8d6bd427-e20c-40a0-91a9-bc2a1938afdc', '124811b6-e838-40cb-a544-c82f27eee311', '2e8b0b32-38a9-4e3d-9900-3418e82fd1ed', '2025-10-01', '80053', 5581, 4614, 'PAID', NULL, '2025-10-01 15:31:11.019365+00', '2025-10-01 15:31:11.019365+00');
INSERT INTO public.claims (id, member_id, provider_id, dos, cpt, charge_cents, allowed_cents, status, denial_reason, created_at, updated_at) VALUES ('08771efc-3157-404e-9d35-6ddb58a64a16', '5dd2f763-fcd4-458e-a454-2352d36c5267', '3eaf2ed1-9409-4bb6-b9dc-3e957e6626ef', '2024-10-29', '99232', 20324, 20324, 'PENDING', NULL, '2025-10-01 15:31:11.020106+00', '2025-10-01 15:31:11.020106+00');
INSERT INTO public.claims (id, member_id, provider_id, dos, cpt, charge_cents, allowed_cents, status, denial_reason, created_at, updated_at) VALUES ('ac29204e-b1c9-428c-a0df-b99d3a835cf6', '7d26abf9-cdbe-400e-875d-edc5108815c7', 'aa10d0a3-44fd-4535-8e64-7716cf8eed20', '2024-12-23', '99213', 19265, 0, 'DENIED', 'Prior authorization required', '2025-10-01 15:31:11.02076+00', '2025-10-01 15:31:11.02076+00');
INSERT INTO public.claims (id, member_id, provider_id, dos, cpt, charge_cents, allowed_cents, status, denial_reason, created_at, updated_at) VALUES ('d10ee135-963f-47c5-a62f-92c72c1aef6e', 'd827051d-2d5a-4704-ac6e-4bea73ba839f', 'f6b00fb6-fb35-4052-a995-86c16bbd76fe', '2025-04-26', '80053', 4833, 4833, 'PENDING', NULL, '2025-10-01 15:31:11.021331+00', '2025-10-01 15:31:11.021331+00');
INSERT INTO public.claims (id, member_id, provider_id, dos, cpt, charge_cents, allowed_cents, status, denial_reason, created_at, updated_at) VALUES ('570c1157-7093-4026-ab57-ee539d1de08e', '5dd2f763-fcd4-458e-a454-2352d36c5267', '412d25ee-e34c-4a46-96f4-90cbb10bb6c1', '2025-05-09', '93000', 9935, 6934, 'PAID', NULL, '2025-10-01 15:31:11.021848+00', '2025-10-01 15:31:11.021848+00');
INSERT INTO public.claims (id, member_id, provider_id, dos, cpt, charge_cents, allowed_cents, status, denial_reason, created_at, updated_at) VALUES ('83e23da2-b137-42b4-9e5e-b3178d07b352', 'd8dad667-a079-4cfe-97fc-281c1f33b389', '3eaf2ed1-9409-4bb6-b9dc-3e957e6626ef', '2025-06-19', '85025', 6068, 4459, 'PAID', NULL, '2025-10-01 15:31:11.022367+00', '2025-10-01 15:31:11.022367+00');
INSERT INTO public.claims (id, member_id, provider_id, dos, cpt, charge_cents, allowed_cents, status, denial_reason, created_at, updated_at) VALUES ('d5587414-687d-42b1-ab6b-ad6343eb9ead', 'a90f3661-4fa7-44bb-b132-491b24a1859d', 'a9523339-8c6a-432b-bac2-78a9196aed5e', '2025-06-08', '70450', 126822, 105198, 'PAID', NULL, '2025-10-01 15:31:11.022804+00', '2025-10-01 15:31:11.022804+00');
INSERT INTO public.claims (id, member_id, provider_id, dos, cpt, charge_cents, allowed_cents, status, denial_reason, created_at, updated_at) VALUES ('43f8e2dd-9120-482f-ab17-7b78d8e8faf5', 'bd486fe0-ec91-4d56-9598-b232d4f9a14a', 'f6b00fb6-fb35-4052-a995-86c16bbd76fe', '2025-01-13', '36415', 5403, 3729, 'PAID', NULL, '2025-10-01 15:31:11.023228+00', '2025-10-01 15:31:11.023228+00');
INSERT INTO public.claims (id, member_id, provider_id, dos, cpt, charge_cents, allowed_cents, status, denial_reason, created_at, updated_at) VALUES ('224e9008-91f6-419c-9a35-844811686fb0', '0b057d39-0b9d-4265-a92c-d9fd8f22a7a6', '5c446abb-dfc2-4aaa-ac07-18e1a693b738', '2024-06-05', '99285', 76237, 0, 'DENIED', 'Not medically necessary', '2025-10-01 15:31:11.02388+00', '2025-10-01 15:31:11.02388+00');
INSERT INTO public.claims (id, member_id, provider_id, dos, cpt, charge_cents, allowed_cents, status, denial_reason, created_at, updated_at) VALUES ('8a277441-7808-4ff4-9336-7d22a0360cc4', 'a0065051-4951-4dfb-81b4-9a4d5ff9e193', '412d25ee-e34c-4a46-96f4-90cbb10bb6c1', '2024-11-08', '70450', 126300, 107009, 'PAID', NULL, '2025-10-01 15:31:11.024288+00', '2025-10-01 15:31:11.024288+00');
INSERT INTO public.claims (id, member_id, provider_id, dos, cpt, charge_cents, allowed_cents, status, denial_reason, created_at, updated_at) VALUES ('fe0a82d5-9f75-48e2-a57b-6dc371819dd6', 'c5f2e577-bbab-4fdc-b5b9-85af264fd973', '165653f5-95eb-4507-893f-2c494383a5f8', '2025-03-24', '99223', 52160, 32712, 'PAID', NULL, '2025-10-01 15:31:11.0249+00', '2025-10-01 15:31:11.0249+00');
INSERT INTO public.claims (id, member_id, provider_id, dos, cpt, charge_cents, allowed_cents, status, denial_reason, created_at, updated_at) VALUES ('4a9bb42e-4299-44c0-95f4-2c50b07f7525', '70c84315-9f1b-45e0-aff3-a2eeb2c53687', 'de2395d6-74ed-4e7a-a125-1a8aa90a54ab', '2024-04-21', '85025', 4698, 3912, 'PAID', NULL, '2025-10-01 15:31:11.025547+00', '2025-10-01 15:31:11.025547+00');
INSERT INTO public.claims (id, member_id, provider_id, dos, cpt, charge_cents, allowed_cents, status, denial_reason, created_at, updated_at) VALUES ('8cfed759-2f20-44d9-8bb3-037cc89e4085', '0b057d39-0b9d-4265-a92c-d9fd8f22a7a6', '9356b732-7cd7-49bc-9f66-de886692a0a3', '2024-04-28', '99213', 16997, 11221, 'PAID', NULL, '2025-10-01 15:31:11.026085+00', '2025-10-01 15:31:11.026085+00');
INSERT INTO public.claims (id, member_id, provider_id, dos, cpt, charge_cents, allowed_cents, status, denial_reason, created_at, updated_at) VALUES ('34700295-2051-4e03-b106-3a58741fa394', 'a09829b1-cad6-405b-b321-57bd2ebb8210', '412d25ee-e34c-4a46-96f4-90cbb10bb6c1', '2025-08-27', '85025', 5420, 0, 'DENIED', 'Service not covered under plan', '2025-10-01 15:31:11.026619+00', '2025-10-01 15:31:11.026619+00');
INSERT INTO public.claims (id, member_id, provider_id, dos, cpt, charge_cents, allowed_cents, status, denial_reason, created_at, updated_at) VALUES ('e27a5af8-af1b-443f-88db-a63f4d6ac640', 'd8dad667-a079-4cfe-97fc-281c1f33b389', 'c3373673-4ac9-4c93-a37a-58ecf38ddd4f', '2024-06-22', '85025', 6100, 5171, 'PAID', NULL, '2025-10-01 15:31:11.027073+00', '2025-10-01 15:31:11.027073+00');
INSERT INTO public.claims (id, member_id, provider_id, dos, cpt, charge_cents, allowed_cents, status, denial_reason, created_at, updated_at) VALUES ('dfc7df95-2b5f-4bda-af6a-41e3d32cba1a', '95c676ed-18dd-4cc7-9bb3-872fd2196e86', '37afd814-f12f-4447-a2c5-21de24e28a8f', '2025-04-09', '80053', 8714, 7440, 'PAID', NULL, '2025-10-01 15:31:11.027538+00', '2025-10-01 15:31:11.027538+00');
INSERT INTO public.claims (id, member_id, provider_id, dos, cpt, charge_cents, allowed_cents, status, denial_reason, created_at, updated_at) VALUES ('4c54ed81-e278-46c7-878e-88db6a67d08d', '0b7ee958-06d2-43ae-be9b-6efda21efa99', '734f62da-879d-45bb-b07b-8163182ef917', '2024-09-25', '70450', 125537, 125537, 'PENDING', NULL, '2025-10-01 15:31:11.027961+00', '2025-10-01 15:31:11.027961+00');
INSERT INTO public.claims (id, member_id, provider_id, dos, cpt, charge_cents, allowed_cents, status, denial_reason, created_at, updated_at) VALUES ('fe88d8d0-8f30-40a0-8139-3ed25a2931bf', '3280c715-b9f0-425b-b7e2-ece358f9062f', 'd7b5cb80-7963-44a7-8c6b-198f645064c6', '2025-04-05', '36415', 5275, 3404, 'PAID', NULL, '2025-10-01 15:31:11.028432+00', '2025-10-01 15:31:11.028432+00');
INSERT INTO public.claims (id, member_id, provider_id, dos, cpt, charge_cents, allowed_cents, status, denial_reason, created_at, updated_at) VALUES ('2cf089aa-ff48-4020-8057-c41fc19edab3', '91b0bb4c-bee9-42e4-b2ca-ad0b9c70210f', '65475782-cc34-442a-b861-136b9cff290a', '2024-04-20', '70450', 126239, 0, 'DENIED', 'Duplicate claim', '2025-10-01 15:31:11.028874+00', '2025-10-01 15:31:11.028874+00');
INSERT INTO public.claims (id, member_id, provider_id, dos, cpt, charge_cents, allowed_cents, status, denial_reason, created_at, updated_at) VALUES ('c82c303c-54e3-4406-b18d-7f03d2a3c4ec', '2ba26e85-d067-4869-8b94-6a5a336d458e', '65475782-cc34-442a-b861-136b9cff290a', '2024-02-20', '85025', 5576, 0, 'DENIED', 'Missing documentation', '2025-10-01 15:31:11.029362+00', '2025-10-01 15:31:11.029362+00');
INSERT INTO public.claims (id, member_id, provider_id, dos, cpt, charge_cents, allowed_cents, status, denial_reason, created_at, updated_at) VALUES ('eb7f48a0-0019-488c-a8d2-183aa4ea0ceb', '10796c3a-837b-4f4a-9010-98372ac7e9cf', '412d25ee-e34c-4a46-96f4-90cbb10bb6c1', '2025-02-13', '99232', 20981, 20981, 'PENDING', NULL, '2025-10-01 15:31:11.029778+00', '2025-10-01 15:31:11.029778+00');
INSERT INTO public.claims (id, member_id, provider_id, dos, cpt, charge_cents, allowed_cents, status, denial_reason, created_at, updated_at) VALUES ('fa748b5c-142c-4a5f-84a5-0b2c29a2293a', '644a8c5c-1f96-4c94-a25d-0a18abf07423', 'c3373673-4ac9-4c93-a37a-58ecf38ddd4f', '2024-12-28', '36415', 3894, 2771, 'PAID', NULL, '2025-10-01 15:31:11.03019+00', '2025-10-01 15:31:11.03019+00');
INSERT INTO public.claims (id, member_id, provider_id, dos, cpt, charge_cents, allowed_cents, status, denial_reason, created_at, updated_at) VALUES ('78fd4d94-8168-413b-bc0a-289129397eb6', 'f5b362d9-eacf-404c-92c6-e23fee5a0f20', 'd7b5cb80-7963-44a7-8c6b-198f645064c6', '2024-08-20', '36415', 6733, 4456, 'PAID', NULL, '2025-10-01 15:31:11.030592+00', '2025-10-01 15:31:11.030592+00');
INSERT INTO public.claims (id, member_id, provider_id, dos, cpt, charge_cents, allowed_cents, status, denial_reason, created_at, updated_at) VALUES ('ecb62332-1ec7-4171-a2b6-973cad18e023', '4a609c4b-7a7e-4336-907d-27fef8420ab6', 'f08464a1-bdd3-48d8-aa33-e07ffa11456f', '2024-03-04', '80053', 8540, 0, 'DENIED', 'Prior authorization required', '2025-10-01 15:31:11.031037+00', '2025-10-01 15:31:11.031037+00');
INSERT INTO public.claims (id, member_id, provider_id, dos, cpt, charge_cents, allowed_cents, status, denial_reason, created_at, updated_at) VALUES ('f44612f3-0cf3-4c11-b022-adb550c1f942', 'a09829b1-cad6-405b-b321-57bd2ebb8210', 'aa10d0a3-44fd-4535-8e64-7716cf8eed20', '2024-03-09', '99213', 18870, 18870, 'PENDING', NULL, '2025-10-01 15:31:11.031532+00', '2025-10-01 15:31:11.031532+00');
INSERT INTO public.claims (id, member_id, provider_id, dos, cpt, charge_cents, allowed_cents, status, denial_reason, created_at, updated_at) VALUES ('96ea28e2-cd69-405b-a042-d7d9074e290d', '22cc1173-bdad-45a2-a5fe-56d1130e802b', '5c446abb-dfc2-4aaa-ac07-18e1a693b738', '2024-06-29', '99232', 22717, 16817, 'PAID', NULL, '2025-10-01 15:31:11.032153+00', '2025-10-01 15:31:11.032153+00');
INSERT INTO public.claims (id, member_id, provider_id, dos, cpt, charge_cents, allowed_cents, status, denial_reason, created_at, updated_at) VALUES ('f912f90f-d541-41e5-826d-544c29b13ef1', 'e9b113fb-d00d-420a-9ff0-1eb352fba1c9', '5c446abb-dfc2-4aaa-ac07-18e1a693b738', '2024-11-30', '99223', 52466, 41525, 'PAID', NULL, '2025-10-01 15:31:11.032613+00', '2025-10-01 15:31:11.032613+00');
INSERT INTO public.claims (id, member_id, provider_id, dos, cpt, charge_cents, allowed_cents, status, denial_reason, created_at, updated_at) VALUES ('672c88b7-2fcf-444a-80d6-574cff374026', 'cb590fb3-0b53-4a91-a175-691b113455af', 'ee960b6f-e0f9-4725-b09b-457efea6f083', '2025-03-22', '36415', 7128, 0, 'DENIED', 'Duplicate claim', '2025-10-01 15:31:11.033164+00', '2025-10-01 15:31:11.033164+00');
INSERT INTO public.claims (id, member_id, provider_id, dos, cpt, charge_cents, allowed_cents, status, denial_reason, created_at, updated_at) VALUES ('97197050-0e75-45ff-bd30-ada9457d0735', 'bf6a2a56-c1a0-42cd-85df-5c6254fc98b2', 'c3373673-4ac9-4c93-a37a-58ecf38ddd4f', '2024-02-02', '99232', 21795, 0, 'DENIED', 'Not medically necessary', '2025-10-01 15:31:11.033703+00', '2025-10-01 15:31:11.033703+00');
INSERT INTO public.claims (id, member_id, provider_id, dos, cpt, charge_cents, allowed_cents, status, denial_reason, created_at, updated_at) VALUES ('8317f875-afec-4865-a2a2-ea738b21330e', '2ba26e85-d067-4869-8b94-6a5a336d458e', 'de2395d6-74ed-4e7a-a125-1a8aa90a54ab', '2025-05-08', '99232', 20928, 18498, 'PAID', NULL, '2025-10-01 15:31:11.034249+00', '2025-10-01 15:31:11.034249+00');
INSERT INTO public.claims (id, member_id, provider_id, dos, cpt, charge_cents, allowed_cents, status, denial_reason, created_at, updated_at) VALUES ('ecb45a57-61c3-4940-a74a-a977ceb63cec', '57ceda94-da2d-4aae-b2e3-1e801f331132', 'c3373673-4ac9-4c93-a37a-58ecf38ddd4f', '2024-09-08', '99223', 54647, 54647, 'PENDING', NULL, '2025-10-01 15:31:11.034716+00', '2025-10-01 15:31:11.034716+00');
INSERT INTO public.claims (id, member_id, provider_id, dos, cpt, charge_cents, allowed_cents, status, denial_reason, created_at, updated_at) VALUES ('84e6c051-8c45-46a0-bf53-37a03bd646c7', '22cc1173-bdad-45a2-a5fe-56d1130e802b', '2e8b0b32-38a9-4e3d-9900-3418e82fd1ed', '2024-07-13', '70450', 128148, 85411, 'PAID', NULL, '2025-10-01 15:31:11.035162+00', '2025-10-01 15:31:11.035162+00');
INSERT INTO public.claims (id, member_id, provider_id, dos, cpt, charge_cents, allowed_cents, status, denial_reason, created_at, updated_at) VALUES ('12066cfd-6ec0-4342-a9e0-542370578323', 'cb590fb3-0b53-4a91-a175-691b113455af', 'f08464a1-bdd3-48d8-aa33-e07ffa11456f', '2024-06-30', '99214', 26452, 17212, 'PAID', NULL, '2025-10-01 15:31:11.035618+00', '2025-10-01 15:31:11.035618+00');
INSERT INTO public.claims (id, member_id, provider_id, dos, cpt, charge_cents, allowed_cents, status, denial_reason, created_at, updated_at) VALUES ('f7114c8f-842d-4b1a-bcaf-22b14c3bd661', '4a609c4b-7a7e-4336-907d-27fef8420ab6', 'f08464a1-bdd3-48d8-aa33-e07ffa11456f', '2024-11-01', '99285', 78875, 62245, 'PAID', NULL, '2025-10-01 15:31:11.03605+00', '2025-10-01 15:31:11.03605+00');
INSERT INTO public.claims (id, member_id, provider_id, dos, cpt, charge_cents, allowed_cents, status, denial_reason, created_at, updated_at) VALUES ('853626b3-e889-416c-9ca2-394f5c4c7cc4', '19bd8ccf-e984-49e1-a41b-d56f1bd0b899', '6bff8fac-72c5-4002-840c-87757dc35c95', '2024-09-29', '80053', 6663, 4605, 'PAID', NULL, '2025-10-01 15:31:11.036495+00', '2025-10-01 15:31:11.036495+00');
INSERT INTO public.claims (id, member_id, provider_id, dos, cpt, charge_cents, allowed_cents, status, denial_reason, created_at, updated_at) VALUES ('53cfc621-84a2-422d-9cf9-930afb92606f', 'a09829b1-cad6-405b-b321-57bd2ebb8210', '9356b732-7cd7-49bc-9f66-de886692a0a3', '2025-08-22', '70450', 125309, 0, 'DENIED', 'Not medically necessary', '2025-10-01 15:31:11.036938+00', '2025-10-01 15:31:11.036938+00');
INSERT INTO public.claims (id, member_id, provider_id, dos, cpt, charge_cents, allowed_cents, status, denial_reason, created_at, updated_at) VALUES ('2bebc939-f12b-4ec6-8c46-f6ed52c7c780', '45b2d39a-58c1-4098-a145-7f9a894773c3', '5c446abb-dfc2-4aaa-ac07-18e1a693b738', '2025-02-24', '36415', 5289, 5289, 'PENDING', NULL, '2025-10-01 15:31:11.037414+00', '2025-10-01 15:31:11.037414+00');
INSERT INTO public.claims (id, member_id, provider_id, dos, cpt, charge_cents, allowed_cents, status, denial_reason, created_at, updated_at) VALUES ('7fc08ed5-249d-4aa0-bbee-90325a1eaae7', 'e9b113fb-d00d-420a-9ff0-1eb352fba1c9', 'de2395d6-74ed-4e7a-a125-1a8aa90a54ab', '2024-10-09', '36415', 3658, 3658, 'PENDING', NULL, '2025-10-01 15:31:11.037917+00', '2025-10-01 15:31:11.037917+00');
INSERT INTO public.claims (id, member_id, provider_id, dos, cpt, charge_cents, allowed_cents, status, denial_reason, created_at, updated_at) VALUES ('ab35e2ff-afc4-4261-a03a-8bd1b09b4f05', '4171eac6-fd57-4ff5-beab-7b7ebeacb8a7', '65475782-cc34-442a-b861-136b9cff290a', '2024-10-20', '80053', 7582, 5376, 'PAID', NULL, '2025-10-01 15:31:11.038366+00', '2025-10-01 15:31:11.038366+00');
INSERT INTO public.claims (id, member_id, provider_id, dos, cpt, charge_cents, allowed_cents, status, denial_reason, created_at, updated_at) VALUES ('7dc25464-4e77-4a02-a5f5-14cc26f2393c', 'e9b113fb-d00d-420a-9ff0-1eb352fba1c9', 'ac764fcf-e284-4526-8ecc-42b0d975e87a', '2025-09-07', '36415', 2907, 1746, 'PAID', NULL, '2025-10-01 15:31:11.038894+00', '2025-10-01 15:31:11.038894+00');
INSERT INTO public.claims (id, member_id, provider_id, dos, cpt, charge_cents, allowed_cents, status, denial_reason, created_at, updated_at) VALUES ('c7be41fb-87d5-413a-b3d7-dbaae81205ad', '0f45a940-0135-4c59-a930-6b15f5d6c9fa', '734f62da-879d-45bb-b07b-8163182ef917', '2025-06-14', '99213', 17794, 0, 'DENIED', 'Duplicate claim', '2025-10-01 15:31:11.039356+00', '2025-10-01 15:31:11.039356+00');
INSERT INTO public.claims (id, member_id, provider_id, dos, cpt, charge_cents, allowed_cents, status, denial_reason, created_at, updated_at) VALUES ('a7daa39d-3a3a-4513-a855-9f18e62171e1', 'f3146c85-53e1-4325-8be5-1add4f2cedf7', 'de2395d6-74ed-4e7a-a125-1a8aa90a54ab', '2024-01-18', '85025', 7758, 0, 'DENIED', 'Out of network', '2025-10-01 15:31:11.039818+00', '2025-10-01 15:31:11.039818+00');
INSERT INTO public.claims (id, member_id, provider_id, dos, cpt, charge_cents, allowed_cents, status, denial_reason, created_at, updated_at) VALUES ('aef835c7-0bc3-4efc-8cf0-b15d35b47e3d', '45b2d39a-58c1-4098-a145-7f9a894773c3', '2e8b0b32-38a9-4e3d-9900-3418e82fd1ed', '2024-06-08', '99232', 22389, 0, 'DENIED', 'Not medically necessary', '2025-10-01 15:31:11.04027+00', '2025-10-01 15:31:11.04027+00');
INSERT INTO public.claims (id, member_id, provider_id, dos, cpt, charge_cents, allowed_cents, status, denial_reason, created_at, updated_at) VALUES ('75cfc326-4521-4a20-abd0-87d24520ef42', 'cb590fb3-0b53-4a91-a175-691b113455af', '37afd814-f12f-4447-a2c5-21de24e28a8f', '2024-11-19', '99285', 77564, 50624, 'PAID', NULL, '2025-10-01 15:31:11.040988+00', '2025-10-01 15:31:11.040988+00');
INSERT INTO public.claims (id, member_id, provider_id, dos, cpt, charge_cents, allowed_cents, status, denial_reason, created_at, updated_at) VALUES ('49811b34-691b-413d-a515-043c8e13d4e7', 'e9b113fb-d00d-420a-9ff0-1eb352fba1c9', '3eaf2ed1-9409-4bb6-b9dc-3e957e6626ef', '2024-03-05', '85025', 7228, 5595, 'PAID', NULL, '2025-10-01 15:31:11.041574+00', '2025-10-01 15:31:11.041574+00');
INSERT INTO public.claims (id, member_id, provider_id, dos, cpt, charge_cents, allowed_cents, status, denial_reason, created_at, updated_at) VALUES ('18cd83be-62ea-4c10-9941-b56730be106d', '57ceda94-da2d-4aae-b2e3-1e801f331132', 'd7b5cb80-7963-44a7-8c6b-198f645064c6', '2024-03-23', '99285', 76309, 0, 'DENIED', 'Not medically necessary', '2025-10-01 15:31:11.042096+00', '2025-10-01 15:31:11.042096+00');
INSERT INTO public.claims (id, member_id, provider_id, dos, cpt, charge_cents, allowed_cents, status, denial_reason, created_at, updated_at) VALUES ('9677b12c-f477-4f36-99c9-df075ad4614f', '0b057d39-0b9d-4265-a92c-d9fd8f22a7a6', '165653f5-95eb-4507-893f-2c494383a5f8', '2025-07-24', '93000', 10400, 9358, 'PAID', NULL, '2025-10-01 15:31:11.042652+00', '2025-10-01 15:31:11.042652+00');
INSERT INTO public.claims (id, member_id, provider_id, dos, cpt, charge_cents, allowed_cents, status, denial_reason, created_at, updated_at) VALUES ('f99ead81-9137-4efc-9026-27d3139d0c10', 'a90f3661-4fa7-44bb-b132-491b24a1859d', '2e8b0b32-38a9-4e3d-9900-3418e82fd1ed', '2024-07-04', '93000', 10594, 8643, 'PAID', NULL, '2025-10-01 15:31:11.043148+00', '2025-10-01 15:31:11.043148+00');
INSERT INTO public.claims (id, member_id, provider_id, dos, cpt, charge_cents, allowed_cents, status, denial_reason, created_at, updated_at) VALUES ('83c951fe-7064-4744-b7b2-b15e0118c552', '91b0bb4c-bee9-42e4-b2ca-ad0b9c70210f', 'f6b00fb6-fb35-4052-a995-86c16bbd76fe', '2024-03-04', '99214', 23144, 13903, 'PAID', NULL, '2025-10-01 15:31:11.043684+00', '2025-10-01 15:31:11.043684+00');
INSERT INTO public.claims (id, member_id, provider_id, dos, cpt, charge_cents, allowed_cents, status, denial_reason, created_at, updated_at) VALUES ('b22fd8c0-40cc-4ef5-be9b-cce14e982fd7', '644a8c5c-1f96-4c94-a25d-0a18abf07423', '734f62da-879d-45bb-b07b-8163182ef917', '2024-05-05', '99232', 18225, 15364, 'PAID', NULL, '2025-10-01 15:31:11.044192+00', '2025-10-01 15:31:11.044192+00');
INSERT INTO public.claims (id, member_id, provider_id, dos, cpt, charge_cents, allowed_cents, status, denial_reason, created_at, updated_at) VALUES ('e6477daa-73fd-4314-b496-296884f9cc75', 'e9b113fb-d00d-420a-9ff0-1eb352fba1c9', 'a9523339-8c6a-432b-bac2-78a9196aed5e', '2024-01-07', '36415', 3056, 3056, 'PENDING', NULL, '2025-10-01 15:31:11.04468+00', '2025-10-01 15:31:11.04468+00');
INSERT INTO public.claims (id, member_id, provider_id, dos, cpt, charge_cents, allowed_cents, status, denial_reason, created_at, updated_at) VALUES ('e294bec5-a8a4-40ae-89e5-de2b381399fc', '32fbc6f5-0038-47da-9401-90fc2690a5bd', 'f08464a1-bdd3-48d8-aa33-e07ffa11456f', '2024-04-13', '93000', 12021, 0, 'DENIED', 'Pre-existing condition exclusion', '2025-10-01 15:31:11.045185+00', '2025-10-01 15:31:11.045185+00');
INSERT INTO public.claims (id, member_id, provider_id, dos, cpt, charge_cents, allowed_cents, status, denial_reason, created_at, updated_at) VALUES ('4c5c8476-3ca8-4cb2-992b-0748f98c9c85', 'c70ed030-91f9-4c5d-ade5-0d61fdb34018', '9356b732-7cd7-49bc-9f66-de886692a0a3', '2024-12-12', '70450', 126141, 99586, 'PAID', NULL, '2025-10-01 15:31:11.045678+00', '2025-10-01 15:31:11.045678+00');
\unrestrict NjIpdprERmIp6tDTgb4SjWbMGTOaWmLAjsVmLI5PsuM4wqKyhAUG3B5hvsgitwa
